name,uuid,power_state,vcpus,memory_gb,vm_age_days,days_since_power_on,power_on_count,last_power_on,unused_score,unused_reasons
PNO-CX-N-E0211,d34d4ff1-49b4-4689-9d27-2d2e558de5ad,OFF,4,12.0,,,0,Never/Unknown,70,Currently powered OFF; Never powered on since tracking period
PNO-CX-N-E0236,878796f9-1712-4d53-aa9d-3c7d17a62afb,OFF,4,12.0,,,0,Never/Unknown,70,Currently powered OFF; Never powered on since tracking period
PNO-CX-N-E0263,ce48761a-849e-482d-9cfe-138ad0e434f2,OFF,4,12.0,,,0,Never/Unknown,70,Currently powered OFF; Never powered on since tracking period
PNO-CX-P-0274,07e04ec4-7a07-4f3c-b032-0fa8397ae7da,OFF,4,12.0,,,0,Never/Unknown,70,Currently powered OFF; Never powered on since tracking period
PNO-CX-N-E0008,87897abd-832c-4e72-a708-7f57eab3a6bd,OFF,4,12.0,,,0,Never/Unknown,70,Currently powered OFF; Never powered on since tracking period
PNO-CX-P-0289,d2349573-d96a-4f3a-9c3b-d94170d8700c,OFF,4,12.0,,,0,Never/Unknown,70,Currently powered OFF; Never powered on since tracking period
PNO-CX-P-0290,a6e55fa9-5bd2-4a5f-a3e1-6894ff89b426,OFF,4,12.0,,,0,Never/Unknown,70,Currently powered OFF; Never powered on since tracking period
PNO-CX-P-0286,5747e1e6-cf8f-4bb0-844e-c69325ddc6d5,OFF,4,12.0,,,0,Never/Unknown,70,Currently powered OFF; Never powered on since tracking period
PNO-CX-P-0258,dd2b31f3-317d-46ae-99c7-d0ebb514878a,OFF,4,16.0,,,0,Never/Unknown,70,Currently powered OFF; Never powered on since tracking period
PNO-CX-N-E0093,87185c1b-f448-4b93-9be7-e09ce34f8dfd,OFF,4,12.0,,,0,Never/Unknown,70,Currently powered OFF; Never powered on since tracking period
PNO-CX-N-E0174,f0430f28-836e-4d67-8744-37aff07a1e38,OFF,4,12.0,,,0,Never/Unknown,70,Currently powered OFF; Never powered on since tracking period
idx25_AD0_SQLMGMT_Win10_Ent-2021-12-08_14-34-20.906 (Citrix App Layering Packaging Machine),6e183ac3-7120-438a-a571-5f6da0fdfbd0,OFF,4,4.0,,,0,Never/Unknown,70,Currently powered OFF; Never powered on since tracking period
PNO-CX-N-E0227,fd739f54-bb77-4e2e-90e0-9adb9635c1dc,OFF,4,12.0,,,0,Never/Unknown,70,Currently powered OFF; Never powered on since tracking period
PNO-CX-N-E0255,39d1751a-7dd5-4781-954f-261343c03605,OFF,4,12.0,,,0,Never/Unknown,70,Currently powered OFF; Never powered on since tracking period
PNO-CX-P-0013,3407d982-58b7-4289-996d-4220193c8f4a,OFF,2,8.0,,,0,Never/Unknown,70,Currently powered OFF; Never powered on since tracking period
PNO-CX-N-E0124,3416aea9-2ba7-4fb2-b5ee-3a2ddecb479d,OFF,4,12.0,,,0,Never/Unknown,70,Currently powered OFF; Never powered on since tracking period
PNO-CX-N-0256,03093ea4-9065-4bb5-9854-ed8fe3899760,OFF,4,12.0,,,0,Never/Unknown,70,Currently powered OFF; Never powered on since tracking period
PNO-CX-N-E0175,5e992811-5c63-4e61-a4ee-37aab54ffcad,OFF,4,12.0,,,0,Never/Unknown,70,Currently powered OFF; Never powered on since tracking period
PNO-CX-P-0282,f65ebf4b-a2be-4037-822b-ef325e9db1a3,OFF,4,12.0,,,0,Never/Unknown,70,Currently powered OFF; Never powered on since tracking period
PNO-CX-N-E0209,9d888043-cc85-4467-8cc6-b6dded464188,OFF,4,12.0,,,0,Never/Unknown,70,Currently powered OFF; Never powered on since tracking period
PNO-CX-N-E0379,3b006aec-e235-41e9-bc65-0e3eac775265,OFF,4,12.0,,,0,Never/Unknown,70,Currently powered OFF; Never powered on since tracking period
PNO-CX-N-E0102,af883984-cfbf-4f97-9f60-84f6ba8867ad,OFF,4,12.0,,,0,Never/Unknown,70,Currently powered OFF; Never powered on since tracking period
PNO-CX-N-E0042,5c9375f6-2a49-42b1-9286-455621f9caa3,OFF,4,12.0,,,0,Never/Unknown,70,Currently powered OFF; Never powered on since tracking period
PNO-CX-P-0305,4029a359-c847-41c8-b6f9-8f3888d4fa3b,OFF,4,12.0,,,0,Never/Unknown,70,Currently powered OFF; Never powered on since tracking period
ACO-DC-PRD-PRISMC,74f99157-cde4-4251-830d-e320c9c8730a,OFF,10,46.0,,,0,Never/Unknown,70,Currently powered OFF; Never powered on since tracking period
PNO-CX-N-0003,05153dfc-eaf4-46e7-910f-c57ec3a2c484,OFF,4,12.0,,,0,Never/Unknown,70,Currently powered OFF; Never powered on since tracking period
PNO-CX-N-E0304,97b3533e-d9f0-4042-988a-550668c94975,OFF,4,12.0,,,0,Never/Unknown,70,Currently powered OFF; Never powered on since tracking period
PNO-CX-P-0278,dedc434d-f709-4db3-9a09-6019a225060d,OFF,4,24.0,,,0,Never/Unknown,70,Currently powered OFF; Never powered on since tracking period
PNO-CX-N-0260,3df52a05-1cb7-4a6a-9062-8b641e556318,OFF,4,12.0,,,0,Never/Unknown,70,Currently powered OFF; Never powered on since tracking period
PNO-CX-N-0285,fcd3f975-ce7a-4203-a5de-d84d10c7bddf,OFF,4,12.0,,,0,Never/Unknown,70,Currently powered OFF; Never powered on since tracking period
PNO-CX-N-E0055,913f3d5a-1550-466f-8f48-f4e463fccf89,OFF,4,16.0,,,0,Never/Unknown,70,Currently powered OFF; Never powered on since tracking period
PNO-CX-N-0396,f60d2c33-437c-4329-b6e7-ffb4d8ce91eb,OFF,4,12.0,,,0,Never/Unknown,70,Currently powered OFF; Never powered on since tracking period
PNO-CX-N-E0299,f82befa1-99ec-4562-bbaf-19bd314115e9,OFF,4,12.0,,,0,Never/Unknown,70,Currently powered OFF; Never powered on since tracking period
PNO-CX-N-0258,ffe07f61-6c3d-4e2e-90fb-d0b2b2f207ea,OFF,4,12.0,,,0,Never/Unknown,70,Currently powered OFF; Never powered on since tracking period
PNO-CX-N-E0002,ea71838b-9e9b-42d3-a2aa-51356b5edcf6,OFF,4,12.0,,,0,Never/Unknown,70,Currently powered OFF; Never powered on since tracking period
PNO-CX-P-0269,c028e8b9-ce01-4e38-a9e2-d78fff2fe180,OFF,4,12.0,,,0,Never/Unknown,70,Currently powered OFF; Never powered on since tracking period
PNO-CX-N-E0014,10e611b7-38ae-41d9-882e-39bfc8ae52ec,OFF,4,12.0,,,0,Never/Unknown,70,Currently powered OFF; Never powered on since tracking period
PNO-CX-P-0285,979e6190-15cc-4198-97d6-22bd20dbe9ca,OFF,4,12.0,,,0,Never/Unknown,70,Currently powered OFF; Never powered on since tracking period
PNO-CX-N-E0017,7be682db-7135-41aa-b8be-73b8a7dfe9fc,OFF,4,16.0,,,0,Never/Unknown,70,Currently powered OFF; Never powered on since tracking period
PNO-CX-N-E0203,cb45d447-7615-48d9-8ade-b7aa827eff95,OFF,4,12.0,,,0,Never/Unknown,70,Currently powered OFF; Never powered on since tracking period
PNO-CX-N-E0031,2fa15e39-ae80-4162-9bbf-7ac4d36dec85,OFF,4,12.0,,,0,Never/Unknown,70,Currently powered OFF; Never powered on since tracking period
PNO-CX-N-E0249,997c9af8-2e65-4a19-bb1a-c796a6f551cf,OFF,4,12.0,,,0,Never/Unknown,70,Currently powered OFF; Never powered on since tracking period
AppCL,793b0997-0a56-4236-950f-d18c55095883,OFF,4,4.0,,,0,Never/Unknown,70,Currently powered OFF; Never powered on since tracking period
PNO-CX-N-E0313,585366b2-3e1a-40f7-851b-d4124f3816ea,OFF,4,12.0,,,0,Never/Unknown,70,Currently powered OFF; Never powered on since tracking period
PNO-CX-N-E0344,1a7bf0b5-62e5-4919-ae22-f48ecc3cf20b,OFF,4,12.0,,,0,Never/Unknown,70,Currently powered OFF; Never powered on since tracking period
PNO-CX-N-E0260,2d859dc5-ebd6-4411-9297-43b738eee769,OFF,4,12.0,,,0,Never/Unknown,70,Currently powered OFF; Never powered on since tracking period
PNO-CX-N-E0359,348ba18c-afdb-45e4-8d10-3966afed0a09,OFF,4,12.0,,,0,Never/Unknown,70,Currently powered OFF; Never powered on since tracking period
PNO-CX-N-E0107,77d7dc4b-dd3f-452d-b952-55dd4843e275,OFF,4,12.0,,,0,Never/Unknown,70,Currently powered OFF; Never powered on since tracking period
PNO-CX-P-0264,bf658c69-049b-4eca-b896-6ee95b8d44e8,OFF,4,12.0,,,0,Never/Unknown,70,Currently powered OFF; Never powered on since tracking period
PNO-CX-P-0270,3de88156-4866-4ced-9c00-ebf8822246dd,OFF,4,12.0,,,0,Never/Unknown,70,Currently powered OFF; Never powered on since tracking period
PNO-CX-N-E0109,eea46b59-cae0-4a21-8233-00fc59a14575,OFF,4,12.0,,,0,Never/Unknown,70,Currently powered OFF; Never powered on since tracking period
idx23_AD0_PowerBI_Win10_Ent-2021-12-08_14-30-31.493 (Citrix App Layering Packaging Machine),a833394a-9db0-4d17-9c8d-f7c77031b9ef,OFF,4,4.0,,,0,Never/Unknown,70,Currently powered OFF; Never powered on since tracking period
PNO-CX-N-E0001,f0ae0588-5483-4299-aefd-e2585c6ea1d8,OFF,4,12.0,,,0,Never/Unknown,70,Currently powered OFF; Never powered on since tracking period
PNO-CX-N-E0035,db3f22a6-dd89-4af7-aa26-586826d17f31,OFF,4,12.0,,,0,Never/Unknown,70,Currently powered OFF; Never powered on since tracking period
PNO-CX-N-E0118,66d06dc1-4128-4938-91c0-75e226c48ca8,OFF,4,12.0,,,0,Never/Unknown,70,Currently powered OFF; Never powered on since tracking period
PNO-CX-N-E0182,3560cb70-4ae0-4b87-8ef9-0d80c918c0c0,OFF,4,12.0,,,0,Never/Unknown,70,Currently powered OFF; Never powered on since tracking period
PNO-CX-N-0221,7c4d9913-5984-4ea6-8c74-75c9e6d98d71,OFF,4,12.0,,,0,Never/Unknown,70,Currently powered OFF; Never powered on since tracking period
PNO-CX-N-E0007,8a5eb58e-7ff1-4139-b787-562f0fbb21da,OFF,4,12.0,,,0,Never/Unknown,70,Currently powered OFF; Never powered on since tracking period
PNO-CX-N-0393,86336c5b-ecf6-4e44-822e-d67287a505fe,OFF,4,12.0,,,0,Never/Unknown,70,Currently powered OFF; Never powered on since tracking period
PNO-CX-P-0272,2b3bcd53-198b-4188-9fab-9be66a7837f9,OFF,4,12.0,,,0,Never/Unknown,70,Currently powered OFF; Never powered on since tracking period
PNO-CX-N-E0132,a5c35c34-e41d-41b5-8e77-8f998dba88f8,OFF,4,12.0,,,0,Never/Unknown,70,Currently powered OFF; Never powered on since tracking period
PNO-CX-N-E0076,c5b1d52f-2e20-4f44-bd8c-648264c79356,OFF,4,12.0,,,0,Never/Unknown,70,Currently powered OFF; Never powered on since tracking period
PNO-CX-N-E0019,3af2f73d-eb78-4d85-8cb3-a746a99ec4ef,OFF,4,16.0,,,0,Never/Unknown,70,Currently powered OFF; Never powered on since tracking period
PNO-CX-N-E0045,bd1c56f4-efe0-47f7-ade6-c03ce7ba5d28,OFF,4,16.0,,,0,Never/Unknown,70,Currently powered OFF; Never powered on since tracking period
PNO-CX-N-E0101,260452f6-f495-4fea-b09d-80e223dfcab9,OFF,4,12.0,,,0,Never/Unknown,70,Currently powered OFF; Never powered on since tracking period
PNO-CX-N-E0362,f4e78e5a-bf88-4567-9521-d017cabfbba1,OFF,4,12.0,,,0,Never/Unknown,70,Currently powered OFF; Never powered on since tracking period
PNO-CX-N-E0390,6aa4f51d-cbac-492e-8565-6212b262230f,OFF,4,12.0,,,0,Never/Unknown,70,Currently powered OFF; Never powered on since tracking period
Hardened-Windows 2019 Std 64-bit - Plano,8e467608-aeb0-4a45-9f23-5c55cae9184f,OFF,2,4.0,,,0,Never/Unknown,70,Currently powered OFF; Never powered on since tracking period
PNO-CX-P-0276,88af1855-b2b9-4aa9-af8d-ffd86d74a2db,OFF,4,12.0,,,0,Never/Unknown,70,Currently powered OFF; Never powered on since tracking period
PNO-CX-N-E0103,047005d4-6420-4d10-8d52-f65ebd63a681,OFF,4,12.0,,,0,Never/Unknown,70,Currently powered OFF; Never powered on since tracking period
PNO-CX-P-0304,e24784d3-594a-424f-9981-f0913358a022,OFF,4,12.0,,,0,Never/Unknown,70,Currently powered OFF; Never powered on since tracking period
PNO-CX-N-0248,f5672004-cd69-4e83-aa92-04cf9a01f21e,OFF,4,12.0,,,0,Never/Unknown,70,Currently powered OFF; Never powered on since tracking period
PNO-CX-N-E0003,7c91879a-9092-4dda-bdfd-cf63102414fb,OFF,4,12.0,,,0,Never/Unknown,70,Currently powered OFF; Never powered on since tracking period
PNO-CX-N-0254,d79835b0-6bcf-41b8-8a31-921a7552571e,OFF,4,12.0,,,0,Never/Unknown,70,Currently powered OFF; Never powered on since tracking period
PNO-CX-P-0267,98926c90-bf2f-42bb-9812-42c6104e6165,OFF,4,12.0,,,0,Never/Unknown,70,Currently powered OFF; Never powered on since tracking period
PNO-CX-N-E0251,0a91db74-61be-4e62-91cc-ab2083f75d03,OFF,4,12.0,,,0,Never/Unknown,70,Currently powered OFF; Never powered on since tracking period
PNO-CX-N-E0029,c0ae7eb3-dd54-4562-8d0c-b1fe1bd20318,OFF,4,12.0,,,0,Never/Unknown,70,Currently powered OFF; Never powered on since tracking period
PNO-CX-N-E0032,5dbc998e-79f9-4507-b05d-f8b00ff09858,OFF,4,12.0,,,0,Never/Unknown,70,Currently powered OFF; Never powered on since tracking period
PNO-CX-P-0303,d9f97c04-3df7-4255-8ca5-bef8cd954c10,OFF,4,32.0,,,0,Never/Unknown,70,Currently powered OFF; Never powered on since tracking period
PNO-CX-N-E0065,ea7e082c-401a-4590-85f4-7a9ac11eb0a9,OFF,4,12.0,,,0,Never/Unknown,70,Currently powered OFF; Never powered on since tracking period
PNO-CX-N-E0126,cece60f0-3f4e-411f-9c76-d34ea79829ed,OFF,4,12.0,,,0,Never/Unknown,70,Currently powered OFF; Never powered on since tracking period
PNO-CX-N-E0309,e3367d7c-57ad-4320-8463-4dc1121d34f5,OFF,4,12.0,,,0,Never/Unknown,70,Currently powered OFF; Never powered on since tracking period
PNO-CX-N-E0196,52f5442b-8128-47ea-a3fe-3384670c37d4,OFF,4,12.0,,,0,Never/Unknown,70,Currently powered OFF; Never powered on since tracking period
PNO-CX-P-0284,4bd72e4b-8204-4c34-b3f0-ddcdadc4be69,OFF,4,12.0,,,0,Never/Unknown,70,Currently powered OFF; Never powered on since tracking period
AppCL2,ba10ac6c-7641-47b4-ba6c-abc5766a92d5,OFF,4,16.0,,,0,Never/Unknown,70,Currently powered OFF; Never powered on since tracking period
PNO-CX-N-E0389,e1d8bf63-0528-48af-8f36-03fec036f355,OFF,4,12.0,,,0,Never/Unknown,70,Currently powered OFF; Never powered on since tracking period
PNO-CX-P-0259,f05e837c-9680-40c0-89a0-2e3f7212b478,OFF,4,24.0,,,0,Never/Unknown,70,Currently powered OFF; Never powered on since tracking period
PNO-CX-N-E0053,439c3b44-a297-4646-bfa4-887eaa4e5eaf,OFF,4,16.0,,,0,Never/Unknown,70,Currently powered OFF; Never powered on since tracking period
PNO-CX-N-E0216,e0a5a809-afe1-4a2c-9ff6-761e7251399a,OFF,4,12.0,,,0,Never/Unknown,70,Currently powered OFF; Never powered on since tracking period
PNO-CX-N-0001,31750d04-6f62-4090-a5b0-e17a64e1613a,OFF,4,12.0,,,0,Never/Unknown,70,Currently powered OFF; Never powered on since tracking period
PNO-CX-N-E0016,5a657819-e045-46de-9315-ea3a433f1ec5,OFF,4,16.0,,,0,Never/Unknown,70,Currently powered OFF; Never powered on since tracking period
PNO-CX-P-0240,a5a97805-e680-48ef-a010-f63537f6846e,OFF,4,24.0,,,0,Never/Unknown,70,Currently powered OFF; Never powered on since tracking period
PNO-CX-P-0022,ed76a3e1-1942-40cc-b979-e28e4bf48927,OFF,4,16.0,,,0,Never/Unknown,70,Currently powered OFF; Never powered on since tracking period
PNO-CX-N-E0278,84078f5d-b5b8-4a30-a3db-9856a7029b2c,OFF,4,12.0,,,0,Never/Unknown,70,Currently powered OFF; Never powered on since tracking period
PNO-CX-N-E0287,26286a13-8f51-4ce5-8e44-cd4ddd43ef0e,OFF,4,12.0,,,0,Never/Unknown,70,Currently powered OFF; Never powered on since tracking period
PNO-CX-N-E0352,60f614a5-6881-4c7e-ab60-fbfc66ad7e39,OFF,4,12.0,,,0,Never/Unknown,70,Currently powered OFF; Never powered on since tracking period
ACO-DC-PRD-CTX-ELM-01,83ee4e77-188d-467c-92bc-1d319f339680,OFF,4,16.0,,,0,Never/Unknown,70,Currently powered OFF; Never powered on since tracking period
PNO-CX-P-0280,cdc80e23-d9a2-44d4-8ac8-2393d6c0c05c,OFF,4,24.0,,,0,Never/Unknown,70,Currently powered OFF; Never powered on since tracking period
PNO-CX-N-E0046,e2f07627-1676-4eec-9b0c-eff3ace2fc52,OFF,4,16.0,,,0,Never/Unknown,70,Currently powered OFF; Never powered on since tracking period
PNO-CX-N-E0225,3f6d8ff8-744e-4628-8382-983302733b0a,OFF,4,12.0,,,0,Never/Unknown,70,Currently powered OFF; Never powered on since tracking period
PNO-CX-N-E0298,756de9d3-7e31-4b1b-9878-a484f0f2d93b,OFF,4,12.0,,,0,Never/Unknown,70,Currently powered OFF; Never powered on since tracking period
PNO-CX-P-0265,3aa24545-37ef-4b90-aaba-1fa60eb7b78b,OFF,4,12.0,,,0,Never/Unknown,70,Currently powered OFF; Never powered on since tracking period
PNO-CX-P-0271,508cf264-da80-4547-88b8-eee50cd1a784,OFF,4,12.0,,,0,Never/Unknown,70,Currently powered OFF; Never powered on since tracking period
PNO-CX-N-E0012,3905ed9b-29b0-4314-804f-b2307c519c2f,OFF,4,16.0,,,0,Never/Unknown,70,Currently powered OFF; Never powered on since tracking period
PNO-CX-N-0247,2b311365-5cf2-4aeb-8e24-9357677639bd,OFF,4,12.0,,,0,Never/Unknown,70,Currently powered OFF; Never powered on since tracking period
PNO-CX-N-0257,cf94e5f6-e154-4348-856a-c5bf7e0b94c4,OFF,4,12.0,,,0,Never/Unknown,70,Currently powered OFF; Never powered on since tracking period
PNO-CX-P-0283,01c5c963-5454-4472-a90e-6bca4fe73b6e,OFF,4,12.0,,,0,Never/Unknown,70,Currently powered OFF; Never powered on since tracking period
PNO-CX-N-E0361,e1ebaede-1840-48df-9a09-0ac0be243735,OFF,4,12.0,,,0,Never/Unknown,70,Currently powered OFF; Never powered on since tracking period
PNO-CX-N-E0025,3a06638f-2b9c-4ff2-b73a-3942be97829f,OFF,4,12.0,,,0,Never/Unknown,70,Currently powered OFF; Never powered on since tracking period
PNO-CX-N-E0224,227a99cb-b5c9-43d7-9df2-765d6480aef4,OFF,4,12.0,,,0,Never/Unknown,70,Currently powered OFF; Never powered on since tracking period
PNO-CX-N-E0228,d5308161-b2f8-46f7-bf9d-16eeb992a389,OFF,4,12.0,,,0,Never/Unknown,70,Currently powered OFF; Never powered on since tracking period
PNO-CX-N-E0108,e3821d8a-a3d5-428d-9467-17eb6193b728,OFF,4,12.0,,,0,Never/Unknown,70,Currently powered OFF; Never powered on since tracking period
PNO-CX-N-0244,4615caf9-4fea-4e2b-9911-d987466a85f9,OFF,4,12.0,,,0,Never/Unknown,70,Currently powered OFF; Never powered on since tracking period
PNO-CX-N-E0253,ce84d6c2-64ed-4354-8a58-7320de84ddab,OFF,4,12.0,,,0,Never/Unknown,70,Currently powered OFF; Never powered on since tracking period
PNO-CX-N-E0297,6a59f835-a1db-47e1-a7b3-2021a5981492,OFF,4,12.0,,,0,Never/Unknown,70,Currently powered OFF; Never powered on since tracking period
PNO-CX-N-E0038,3cf45eee-a789-4324-9c35-2f023b7bfdae,OFF,4,12.0,,,0,Never/Unknown,70,Currently powered OFF; Never powered on since tracking period
PNO-CX-N-E0371,982dd75f-cad6-4b55-8e77-a20177a6101a,OFF,4,12.0,,,0,Never/Unknown,70,Currently powered OFF; Never powered on since tracking period
PNO-CX-N-E0088,f67434e4-cf7c-4874-9f9c-5924bd8af01a,OFF,4,12.0,,,0,Never/Unknown,70,Currently powered OFF; Never powered on since tracking period
PNO-CX-N-E0198,538e6a5b-eef8-4744-a2c3-336db060647d,OFF,4,12.0,,,0,Never/Unknown,70,Currently powered OFF; Never powered on since tracking period
PNO-CX-N-E0240,f548d625-b15b-49a0-a4ce-1cd05d046fb2,OFF,4,12.0,,,0,Never/Unknown,70,Currently powered OFF; Never powered on since tracking period
PNO-CX-N-0249,908b139d-9241-4d98-b472-ad10045cdcb4,OFF,4,12.0,,,0,Never/Unknown,70,Currently powered OFF; Never powered on since tracking period
PNO-CX-N-E0018,97198b15-2094-4f0a-8d4f-82836d7f74c3,OFF,4,16.0,,,0,Never/Unknown,70,Currently powered OFF; Never powered on since tracking period
PNO-CX-P-0288,8fcae906-77fd-4357-8bcb-85bcd1166007,OFF,4,12.0,,,0,Never/Unknown,70,Currently powered OFF; Never powered on since tracking period
PNO-CX-N-E0020,00d34cb9-650b-4edb-953f-f815fb516d93,OFF,4,16.0,,,0,Never/Unknown,70,Currently powered OFF; Never powered on since tracking period
AppCL-Cloud,f892061d-87eb-4ba0-8a48-c9cb61344aad,OFF,4,16.0,,,0,Never/Unknown,70,Currently powered OFF; Never powered on since tracking period
PNO-CX-N-0203,626b215a-70a5-4b35-9641-0062cfff1728,OFF,4,12.0,,,0,Never/Unknown,70,Currently powered OFF; Never powered on since tracking period
PNO-CX-N-E0034,bf5d8748-b5cc-43b3-af00-2387bf159254,OFF,4,12.0,,,0,Never/Unknown,70,Currently powered OFF; Never powered on since tracking period
PNO-CX-P-0268,7a461ff6-a5d2-4d63-a583-3abd6a0361de,OFF,4,12.0,,,0,Never/Unknown,70,Currently powered OFF; Never powered on since tracking period
PNO-CX-P-0275,d8ce3266-a4e7-4f6f-8084-19321c4ef0c6,OFF,4,12.0,,,0,Never/Unknown,70,Currently powered OFF; Never powered on since tracking period
PNO-CX-N-E0273,1e7b9fd6-d3e4-45a2-97a9-8d4106c3fdfc,OFF,4,12.0,,,0,Never/Unknown,70,Currently powered OFF; Never powered on since tracking period
PNO-CX-N-E0011,727c99b2-f5e3-443b-9f93-db77a115b830,OFF,4,16.0,,,0,Never/Unknown,70,Currently powered OFF; Never powered on since tracking period
PNO-CX-N-E0105,549f6872-abf4-4030-87f1-97cdd0fc5753,OFF,4,12.0,,,0,Never/Unknown,70,Currently powered OFF; Never powered on since tracking period
PNO-CX-N-E0052,fd81bcc4-f62b-41f8-a9ee-c7c876c71d64,OFF,4,16.0,,,0,Never/Unknown,70,Currently powered OFF; Never powered on since tracking period
Hardened-Windows 2016 Std 64-bit - VM TemplatePlano1,f5525bd9-9ba3-47ab-b443-f383bba17670,OFF,2,4.0,,,0,Never/Unknown,70,Currently powered OFF; Never powered on since tracking period
PNO-CX-N-0252,c60f4c89-b6c0-407b-b85f-233de5f17f9e,OFF,4,12.0,,,0,Never/Unknown,70,Currently powered OFF; Never powered on since tracking period
PNO-CX-N-0245,4490d08d-b849-45be-b006-853f2c4757b8,OFF,4,12.0,,,0,Never/Unknown,70,Currently powered OFF; Never powered on since tracking period
PNO-CX-N-E0041,d8743788-7215-4fb0-86fc-81e9ded87936,OFF,4,12.0,,,0,Never/Unknown,70,Currently powered OFF; Never powered on since tracking period
PNO-CX-N-E0264,b49ec30e-2d3b-4b04-bdcc-11a377f5d343,OFF,4,12.0,,,0,Never/Unknown,70,Currently powered OFF; Never powered on since tracking period
PNO-CX-P-0277,57db2e34-fa5d-44e2-bd9c-0ade34108b78,OFF,4,12.0,,,0,Never/Unknown,70,Currently powered OFF; Never powered on since tracking period
PNO-CX-P-0279,9bd9bc65-4bed-4794-b226-d4fe7a11152b,OFF,4,12.0,,,0,Never/Unknown,70,Currently powered OFF; Never powered on since tracking period
PNO-CX-N-E0171,1744fc50-0309-443e-a7de-72f1fde768c0,OFF,4,12.0,,,0,Never/Unknown,70,Currently powered OFF; Never powered on since tracking period
PNO-CX-N-E0197,13c8945e-77a9-4c3a-86c6-53eb1cfa58aa,OFF,4,12.0,,,0,Never/Unknown,70,Currently powered OFF; Never powered on since tracking period
PNO-CX-N-E0259,180725d5-36dc-46d5-abd1-58301148aaa5,OFF,4,12.0,,,0,Never/Unknown,70,Currently powered OFF; Never powered on since tracking period
PNO-CX-N-0250,e35f2356-b5dd-441d-8422-e8f10051d77e,OFF,4,12.0,,,0,Never/Unknown,70,Currently powered OFF; Never powered on since tracking period
PNO-CX-N-0251,99bd988f-8b17-4ee8-8b02-47cb4220e518,OFF,4,12.0,,,0,Never/Unknown,70,Currently powered OFF; Never powered on since tracking period
PNO-CX-N-E0332,482d1280-ad10-458a-b83a-088e3cc4e5a2,OFF,4,12.0,,,0,Never/Unknown,70,Currently powered OFF; Never powered on since tracking period
PNO-CX-P-0287,a28e33cc-de5d-4454-b565-96290cb6216e,OFF,4,24.0,,,0,Never/Unknown,70,Currently powered OFF; Never powered on since tracking period
PNO-CX-N-E0121,5db5eff0-3df6-4688-bdb2-c90f56422d84,OFF,4,12.0,,,0,Never/Unknown,70,Currently powered OFF; Never powered on since tracking period
PNO-CX-P-0001,fe15d5d7-b7de-4877-b79e-6e8e2c911747,OFF,4,12.0,,,0,Never/Unknown,70,Currently powered OFF; Never powered on since tracking period
PNO-CX-N-E0039,1595cd82-328b-4d01-92f5-c7244793e052,OFF,4,12.0,,,0,Never/Unknown,70,Currently powered OFF; Never powered on since tracking period
PNO-CX-N-E0104,93621a3f-96c1-480e-810e-72f011f016f2,OFF,4,12.0,,,0,Never/Unknown,70,Currently powered OFF; Never powered on since tracking period
PNO-CX-N-E0048,c69b7d8d-135d-4709-83a5-0fc4b66b086a,OFF,4,16.0,,,0,Never/Unknown,70,Currently powered OFF; Never powered on since tracking period
PNO-CX-N-0259,98d35d24-2eb5-4b29-820b-3a27cdf5b623,OFF,4,12.0,,,0,Never/Unknown,70,Currently powered OFF; Never powered on since tracking period
PNO-CX-N-E0181,698bc8bb-5d35-4bad-9d8a-d28066aa7354,OFF,4,12.0,,,0,Never/Unknown,70,Currently powered OFF; Never powered on since tracking period
PRD-CTXPS-03,8ed4c6fc-f8d6-4777-94eb-75d0bc1b81b1,OFF,8,64.0,,,0,Never/Unknown,70,Currently powered OFF; Never powered on since tracking period
PNO-CX-P-0266,62a21dde-c8f6-4c30-a1ab-d72d52ba51ec,OFF,4,12.0,,,0,Never/Unknown,70,Currently powered OFF; Never powered on since tracking period
PNO-CX-N-E0223,848256e2-0eff-492e-b0f6-58f0f3284639,OFF,4,12.0,,,0,Never/Unknown,70,Currently powered OFF; Never powered on since tracking period
PNO-CX-N-E0341,ecfea2f9-33cf-4654-9a42-5a4ab78b05d8,OFF,4,12.0,,,0,Never/Unknown,70,Currently powered OFF; Never powered on since tracking period
PNO-CX-N-E0051,1f6736ce-54aa-4fb8-8cc2-8cd9993a160e,OFF,4,16.0,,,0,Never/Unknown,70,Currently powered OFF; Never powered on since tracking period
NTNX-W2022-Template,ce23195c-d7ee-4712-90b8-63cdbfdc0cf1,OFF,2,8.0,,,0,Never/Unknown,70,Currently powered OFF; Never powered on since tracking period
PNO-CX-N-E0135,7c63cd32-0977-41ca-a9e6-68cf40b738e0,OFF,4,12.0,,,0,Never/Unknown,70,Currently powered OFF; Never powered on since tracking period
PNO-CX-N-E0269,f1654249-4f52-428f-a03f-d4dc3109a4de,OFF,4,12.0,,,0,Never/Unknown,70,Currently powered OFF; Never powered on since tracking period
PNO-CX-N-E0327,b100b100-1c6f-42b8-9686-50f049572cc0,OFF,4,12.0,,,0,Never/Unknown,70,Currently powered OFF; Never powered on since tracking period
PNO-CX-N-E0377,6f57fd8c-4247-4e15-85bd-f120e941f5dc,OFF,4,12.0,,,0,Never/Unknown,70,Currently powered OFF; Never powered on since tracking period
AppCL1,ed85494e-ea6d-45ec-819e-655498b3b02b,OFF,4,16.0,,,0,Never/Unknown,70,Currently powered OFF; Never powered on since tracking period
PNO-CX-N-E0013,9eb538ae-5614-438a-be79-9fdcc0eec6fa,OFF,4,12.0,,,0,Never/Unknown,70,Currently powered OFF; Never powered on since tracking period
PNO-CX-N-0246,da9a56af-50b9-4bcb-bb82-0addeaf13f70,OFF,4,12.0,,,0,Never/Unknown,70,Currently powered OFF; Never powered on since tracking period
PNO-CX-N-E0235,05ee446f-5210-417b-b0e5-bf46ef2f885a,OFF,4,12.0,,,0,Never/Unknown,70,Currently powered OFF; Never powered on since tracking period
PNO-CX-N-E0191,5266b934-9189-4434-9d08-a74c13fe93cf,OFF,4,12.0,,,0,Never/Unknown,70,Currently powered OFF; Never powered on since tracking period
PNO-CX-P-0301,9454eafd-b4e2-4b7e-b4cd-7619713dc22d,OFF,4,32.0,,,0,Never/Unknown,70,Currently powered OFF; Never powered on since tracking period
NTNX-W2022-Template,1e9bf715-605a-4622-8cbf-8d5bfb2401ea,OFF,2,8.0,,,0,Never/Unknown,70,Currently powered OFF; Never powered on since tracking period
PNO-CX-N-0227,8e579e1c-4670-41da-91ce-6f4abb13da1b,OFF,4,12.0,,,0,Never/Unknown,70,Currently powered OFF; Never powered on since tracking period
PNO-CX-N-0004,38993587-97a8-436a-91ae-b766b3621b40,OFF,4,12.0,,,0,Never/Unknown,70,Currently powered OFF; Never powered on since tracking period
PNO-CX-N-E0271,4f766577-885e-4603-a7ce-fd531e8bf3aa,OFF,4,12.0,,,0,Never/Unknown,70,Currently powered OFF; Never powered on since tracking period
PNO-CX-N-E0210,73dd1539-8b63-4aae-880f-9aedca6d8281,OFF,4,12.0,,,0,Never/Unknown,70,Currently powered OFF; Never powered on since tracking period
PNO-CX-P-0262,7d8eed3b-0a71-4668-937f-82d505540a22,OFF,4,16.0,,,0,Never/Unknown,70,Currently powered OFF; Never powered on since tracking period
PNO-CX-N-E0217,997a5f3a-8eff-4ed3-b4bd-32fa3e2db79c,OFF,4,12.0,,,0,Never/Unknown,70,Currently powered OFF; Never powered on since tracking period
PNO-CX-N-E0232,6e4fd84b-6a66-42ed-a7b0-8e1df94c7356,OFF,4,12.0,,,0,Never/Unknown,70,Currently powered OFF; Never powered on since tracking period
PNO-CX-N-E0257,27543a25-6ac5-4cb4-9ea7-194a31f77968,OFF,4,12.0,,,0,Never/Unknown,70,Currently powered OFF; Never powered on since tracking period
Hardened-Windows 2016 Std 64-bit - VM TemplatePlano,db34e090-ee85-49b2-8324-d69dbfa4d39f,OFF,2,4.0,,,0,Never/Unknown,70,Currently powered OFF; Never powered on since tracking period
CTX-w2022-Template,196f7168-1146-44d0-b90d-313eb713976b,OFF,4,16.0,,,0,Never/Unknown,70,Currently powered OFF; Never powered on since tracking period
PNO-CX-N-E0049,3ced86e2-f9ad-456a-b786-e1b55ce7c5b4,OFF,4,16.0,,,0,Never/Unknown,70,Currently powered OFF; Never powered on since tracking period
PNO-CX-N-0255,fcdc3242-f63e-491a-a31d-04daa9841756,OFF,4,12.0,,,0,Never/Unknown,70,Currently powered OFF; Never powered on since tracking period
PNO-CX-N-E0288,1386704f-1dd9-4f2f-bbc5-482a7bd23614,OFF,4,12.0,,,0,Never/Unknown,70,Currently powered OFF; Never powered on since tracking period
PNO-CX-N-0005,1ffa90bb-b395-4f34-807a-23980ac6c55f,OFF,4,12.0,,,0,Never/Unknown,70,Currently powered OFF; Never powered on since tracking period
PNO-CX-N-E0026,85745ab6-a81c-410a-a686-c0bd52dc626d,OFF,4,12.0,,,0,Never/Unknown,70,Currently powered OFF; Never powered on since tracking period
PNO-CX-N-0430,1b87f00c-5c5f-4854-b368-943d07ba5347,OFF,4,12.0,,,0,Never/Unknown,70,Currently powered OFF; Never powered on since tracking period
PNO-CX-N-E0265,1da68c27-22c6-42fd-ac75-b67cc3b46b88,OFF,4,12.0,,,0,Never/Unknown,70,Currently powered OFF; Never powered on since tracking period
PNO-CX-N-0253,2a6738d1-d9ed-4bda-9d2c-e5c1ab5c119d,OFF,4,12.0,,,0,Never/Unknown,70,Currently powered OFF; Never powered on since tracking period
PNO-CX-N-E0044,69d20712-7f1c-4e6f-a61b-abd38c48c8f6,OFF,4,16.0,,,0,Never/Unknown,70,Currently powered OFF; Never powered on since tracking period
PNO-CX-N-0263,b3c5beb5-df6d-405b-b56c-457eed616595,OFF,4,12.0,,,0,Never/Unknown,70,Currently powered OFF; Never powered on since tracking period
PNO-CX-N-E0117,ee686413-28d4-4874-a384-b9bb305afb8f,OFF,4,12.0,,,0,Never/Unknown,70,Currently powered OFF; Never powered on since tracking period
PNO-CX-N-E0047,08c58363-e1e6-4f9a-b061-52217f23a2d1,OFF,4,16.0,,,0,Never/Unknown,70,Currently powered OFF; Never powered on since tracking period
Hardened-Windows 2019 Std 64-bit - Plano1,e29552ab-b501-433d-8e7c-a7d3880123f5,OFF,2,4.0,,,0,Never/Unknown,70,Currently powered OFF; Never powered on since tracking period
PNO-CX-P-0263,8239dd03-2d5b-4b28-aee8-5ea1424359f6,OFF,4,12.0,,,0,Never/Unknown,70,Currently powered OFF; Never powered on since tracking period
PNO-CX-N-E0106,adb1578d-c921-4d4d-8c16-c69ec800bc0a,OFF,4,12.0,,,0,Never/Unknown,70,Currently powered OFF; Never powered on since tracking period
PNO-CX-N-E0321,82434821-1c02-48ce-94cc-129201fe9e87,OFF,4,12.0,,,0,Never/Unknown,70,Currently powered OFF; Never powered on since tracking period
PNO-CX-N-E0200,60d8b370-3d35-4dc6-8bf0-d47abec45c06,OFF,4,12.0,,,0,Never/Unknown,70,Currently powered OFF; Never powered on since tracking period
PNO-CX-P-0273,43ac6698-89a4-42df-9e14-c5b3dca5aa1a,OFF,4,12.0,,,0,Never/Unknown,70,Currently powered OFF; Never powered on since tracking period
Clone Hardened-Windows 2019 Std 64-bit - Plano1,4ee82863-3848-488b-9ffd-ad19b52f30a0,OFF,2,4.0,,,0,Never/Unknown,70,Currently powered OFF; Never powered on since tracking period
PNO-CX-W-1-0069,69f9fcee-6bd0-4f51-a6ef-a9cb207a5955,OFF,4,12.0,,,0,Never/Unknown,70,Currently powered OFF; Never powered on since tracking period
PNO-CX-W-1-0105,b633cdb5-d9c3-4802-9cba-1613e4088f53,OFF,4,12.0,,,0,Never/Unknown,70,Currently powered OFF; Never powered on since tracking period
PNO-CX-W-1-0167,2db7a772-36cb-44be-8487-607202901ad1,OFF,4,12.0,,,0,Never/Unknown,70,Currently powered OFF; Never powered on since tracking period
PNO-CX-W-1-0218,53d50d6a-4ff6-44a1-bf27-51b4bf8f09f8,OFF,4,12.0,,,0,Never/Unknown,70,Currently powered OFF; Never powered on since tracking period
PNO-CX-2-W-0019,a805dfbf-a9c8-42a2-a694-5c557574a8b9,OFF,4,12.0,,,0,Never/Unknown,70,Currently powered OFF; Never powered on since tracking period
PNO-CX-2-W-0023,4ac9c9d9-5813-4ccc-a38f-556e2a08df98,OFF,4,12.0,,,0,Never/Unknown,70,Currently powered OFF; Never powered on since tracking period
PNO-CX-W-1-0072,b6083754-b189-485b-b6b4-b75d02fb1272,OFF,4,12.0,,,0,Never/Unknown,70,Currently powered OFF; Never powered on since tracking period
PNO-CX-2-W-0045,aee3573c-2fe4-4486-a53e-f4e611a7db6a,OFF,4,12.0,,,0,Never/Unknown,70,Currently powered OFF; Never powered on since tracking period
PNO-CX-W-1-0050,2b6d25c4-687f-4999-8f7f-162622661a44,OFF,4,12.0,,,0,Never/Unknown,70,Currently powered OFF; Never powered on since tracking period
PNO-CX-N-0328,12edb5b1-7852-4d39-bfee-e8ae36691d2f,OFF,4,12.0,,,0,Never/Unknown,70,Currently powered OFF; Never powered on since tracking period
PNO-CX-W-1-0078,c2331f54-7a3e-401c-a481-196009ca1720,OFF,4,12.0,,,0,Never/Unknown,70,Currently powered OFF; Never powered on since tracking period
PNO-CX-W-1-0128,63da0520-444d-4664-96d0-b9573fadf335,OFF,4,12.0,,,0,Never/Unknown,70,Currently powered OFF; Never powered on since tracking period
PNO-CX-W-1-0215,184fd2cc-edb8-4ff8-9e8b-f59fa9023c55,OFF,4,12.0,,,0,Never/Unknown,70,Currently powered OFF; Never powered on since tracking period
PNO-CX-P-0313,1729adb5-5a7b-4759-84d6-3a2fc5d59a8c,OFF,4,16.0,,,0,Never/Unknown,70,Currently powered OFF; Never powered on since tracking period
PNO-CX-N-0331,18074402-4ec3-4136-af50-909a24b16dea,OFF,4,12.0,,,0,Never/Unknown,70,Currently powered OFF; Never powered on since tracking period
PNO-CX-W-1-0196,1c7759ec-4a17-439d-8969-f289074024d1,OFF,4,12.0,,,0,Never/Unknown,70,Currently powered OFF; Never powered on since tracking period
PNO-CX-2-W-0048,fc33539b-5d99-4465-8de3-7527ad778bb3,OFF,4,12.0,,,0,Never/Unknown,70,Currently powered OFF; Never powered on since tracking period
PNO-CX-W-1-0055,0e73fbf8-e676-4ad5-9664-6a0f425a6502,OFF,4,12.0,,,0,Never/Unknown,70,Currently powered OFF; Never powered on since tracking period
PNO-CX-2-W-0145,18de3789-dd15-4445-8346-8dc121edcf3d,OFF,4,12.0,,,0,Never/Unknown,70,Currently powered OFF; Never powered on since tracking period
PNO-CX-W-1-0179,8c98f766-564c-4941-9cc6-27e774d382e7,OFF,4,12.0,,,0,Never/Unknown,70,Currently powered OFF; Never powered on since tracking period
PNO-CX-W-1-0147,1a6c9a5e-d7f7-494f-b0b5-72bd5d601a15,OFF,4,12.0,,,0,Never/Unknown,70,Currently powered OFF; Never powered on since tracking period
PNO-CX-W-1-0126,fda23128-3f4d-4937-881e-2f476438e743,OFF,4,12.0,,,0,Never/Unknown,70,Currently powered OFF; Never powered on since tracking period
PNO-CX-UEFI-WME,bbf51785-c9a3-4f83-b3a2-d4c8fb2df631,OFF,4,16.0,,,0,Never/Unknown,70,Currently powered OFF; Never powered on since tracking period
PNO-CX-2-W-0030,bf096d0c-2af9-4fbd-8c01-58fb6528e3bc,OFF,4,24.0,,,0,Never/Unknown,70,Currently powered OFF; Never powered on since tracking period
PNO-CX-2-W-0138,e1bab077-d1db-4984-9cb8-788e2c542207,OFF,4,12.0,,,0,Never/Unknown,70,Currently powered OFF; Never powered on since tracking period
PNO-CX-W-1-0046,de4db794-ba50-47ea-ad15-3cf6c389fe79,OFF,4,12.0,,,0,Never/Unknown,70,Currently powered OFF; Never powered on since tracking period
PNO-CX-W-1-0001,2b7cb7a5-51f6-4ef3-ab99-8ffdb7df2c40,OFF,4,12.0,,,0,Never/Unknown,70,Currently powered OFF; Never powered on since tracking period
PNO-CX-2-W-0038,e911bf9f-26e2-49cf-8271-77979329cd96,OFF,4,12.0,,,0,Never/Unknown,70,Currently powered OFF; Never powered on since tracking period
PNO-CX-2-W-0083,2512f249-2197-403f-b26e-4c3b2e9fad2a,OFF,4,12.0,,,0,Never/Unknown,70,Currently powered OFF; Never powered on since tracking period
PNO-CX-W-1-0192,6b368077-67a7-4417-95f1-85739c199677,OFF,4,12.0,,,0,Never/Unknown,70,Currently powered OFF; Never powered on since tracking period
PNO-CX-N-0315,d88e9c5b-8ba0-4b83-801f-8262eef0deb5,OFF,4,12.0,,,0,Never/Unknown,70,Currently powered OFF; Never powered on since tracking period
PNO-CX-2-W-0042,f739693d-0580-456a-88a2-fe04fb0929f6,OFF,4,12.0,,,0,Never/Unknown,70,Currently powered OFF; Never powered on since tracking period
PNO-CX-2-W-0061,67beb0ea-3c12-482a-b721-cebb031d0876,OFF,4,12.0,,,0,Never/Unknown,70,Currently powered OFF; Never powered on since tracking period
PNO-CX-2-W-0018,6e7d9abe-f1ff-4069-966b-f12e81e94735,OFF,4,12.0,,,0,Never/Unknown,70,Currently powered OFF; Never powered on since tracking period
PNO-CX-W-1-0054,0e881ca9-398a-490c-8939-5e9af0ef239d,OFF,4,12.0,,,0,Never/Unknown,70,Currently powered OFF; Never powered on since tracking period
PNO-CX-2-W-0140,f66f50f3-ee0a-45c4-a160-a8d65eb1d817,OFF,4,12.0,,,0,Never/Unknown,70,Currently powered OFF; Never powered on since tracking period
PNO-CX-N-0319,9534dff6-38fd-411d-9df0-1d9e81cc5785,OFF,4,12.0,,,0,Never/Unknown,70,Currently powered OFF; Never powered on since tracking period
PNO-CX-W-1-0075,a57f693f-0ef9-460e-a282-f135432df3d4,OFF,4,12.0,,,0,Never/Unknown,70,Currently powered OFF; Never powered on since tracking period
PNO-CX-W-1-0115,606ee365-7a09-4323-a5f0-7ac16d7578b0,OFF,4,12.0,,,0,Never/Unknown,70,Currently powered OFF; Never powered on since tracking period
PNO-CX-W-1-0158,fbf1a86e-9725-4bce-b175-8e0d5b14c001,OFF,4,12.0,,,0,Never/Unknown,70,Currently powered OFF; Never powered on since tracking period
PNO-CX-W-1-0209,044e6371-b44a-4851-8302-60b096e5f46c,OFF,4,12.0,,,0,Never/Unknown,70,Currently powered OFF; Never powered on since tracking period
PNO-CX-2-W-0047,84ca25f0-d07d-4334-baf2-7aee85c83836,OFF,4,12.0,,,0,Never/Unknown,70,Currently powered OFF; Never powered on since tracking period
PNO-CX-2-W-0060,de700ecc-0a38-4803-8d56-cbc3b5ffd71d,OFF,4,12.0,,,0,Never/Unknown,70,Currently powered OFF; Never powered on since tracking period
PNO-CX-W-1-0070,db540046-2da5-4788-9142-83e4137cba69,OFF,4,12.0,,,0,Never/Unknown,70,Currently powered OFF; Never powered on since tracking period
PNO-CX-2-W-0144,fcaabdd6-f0f5-4c57-a376-92f68168e53a,OFF,4,12.0,,,0,Never/Unknown,70,Currently powered OFF; Never powered on since tracking period
PNO-CX-2-W-0085,0666b18d-23b4-422b-a3ac-eadb4d09e4b3,OFF,4,12.0,,,0,Never/Unknown,70,Currently powered OFF; Never powered on since tracking period
CTX-W11-S360-TMP,b15e795c-7f12-41d1-af69-b7afa2d84d85,OFF,2,16.0,,,0,Never/Unknown,70,Currently powered OFF; Never powered on since tracking period
PNO-CX-W-1-0047,4a0665ec-232d-44e0-8e83-86e781470342,OFF,4,12.0,,,0,Never/Unknown,70,Currently powered OFF; Never powered on since tracking period
PNO-CX-W-1-0212,cbefec56-b1fe-47ba-9372-abd9ed65af3c,OFF,4,12.0,,,0,Never/Unknown,70,Currently powered OFF; Never powered on since tracking period
PNO-CX-2-W-0125,c30ec9af-17ae-4043-9096-211bc4e1c8ac,OFF,4,12.0,,,0,Never/Unknown,70,Currently powered OFF; Never powered on since tracking period
PNO-CX-N-0310,39c6b2d4-4652-4788-98c9-b64414ca10a3,OFF,4,12.0,,,0,Never/Unknown,70,Currently powered OFF; Never powered on since tracking period
PNO-CX-2-W-0046,e794000f-e80b-40fa-8efa-562bffa726a0,OFF,4,12.0,,,0,Never/Unknown,70,Currently powered OFF; Never powered on since tracking period
PNO-CX-TEMPLATE-VDI-001,4729451e-088b-42a8-b54a-a503f4fb1535,OFF,4,12.0,,,0,Never/Unknown,70,Currently powered OFF; Never powered on since tracking period
PNO-CX-W-1-0180,0735be16-696d-4678-aefc-dbc7254691a9,OFF,4,12.0,,,0,Never/Unknown,70,Currently powered OFF; Never powered on since tracking period
PNO-CX-W-1-0026,79131be3-c8ec-49f7-a465-c127e637c6e6,OFF,4,12.0,,,0,Never/Unknown,70,Currently powered OFF; Never powered on since tracking period
PNO-CX-W-1-0130,05700864-f55d-49d1-a56b-8cc8c37bf8d9,OFF,4,12.0,,,0,Never/Unknown,70,Currently powered OFF; Never powered on since tracking period
PNO-CX-W-1-0177,f55b4ef0-6f10-4cc9-9006-1ec83fbd9855,OFF,4,12.0,,,0,Never/Unknown,70,Currently powered OFF; Never powered on since tracking period
PNO-CX-P-0314,236c40f5-768a-4fe7-ad94-fbd6eaeaf651,OFF,4,16.0,,,0,Never/Unknown,70,Currently powered OFF; Never powered on since tracking period
PNO-CX-W-1-0088,c6bb9b94-d71e-40a4-8d7c-8c7bc79ffb05,OFF,4,12.0,,,0,Never/Unknown,70,Currently powered OFF; Never powered on since tracking period
PNO-CX-W-1-0085,43a7255c-ca65-4194-9625-2772d0f8b165,OFF,4,12.0,,,0,Never/Unknown,70,Currently powered OFF; Never powered on since tracking period
PNO-CX-UEFI-S360,ed052cee-b236-4ce9-9163-c341f207e802,OFF,4,16.0,,,0,Never/Unknown,70,Currently powered OFF; Never powered on since tracking period
PNO-CX-2-W-0067,a6a231ca-4334-487a-875a-21fee5cb720a,OFF,4,12.0,,,0,Never/Unknown,70,Currently powered OFF; Never powered on since tracking period
PNO-CX-W-1-0097,188bc1b8-0111-44b2-bcf7-29a53c8617e0,OFF,4,12.0,,,0,Never/Unknown,70,Currently powered OFF; Never powered on since tracking period
PNO-CX-W-1-0098,8b3b94e2-a2c8-4d6c-abed-5c72c9856308,OFF,4,12.0,,,0,Never/Unknown,70,Currently powered OFF; Never powered on since tracking period
PNO-CX-UEFI-D20,8742d38b-3ec1-4360-8bf4-4d2e86335df2,OFF,4,16.0,,,0,Never/Unknown,70,Currently powered OFF; Never powered on since tracking period
PNO-CX-2-W-0005,e3b91f10-d52f-4767-bf03-ce00379c7416,OFF,4,12.0,,,0,Never/Unknown,70,Currently powered OFF; Never powered on since tracking period
PNO-CX-2-W-0094,b4cc3859-cbde-4db4-8d93-61e92e1bf48b,OFF,4,12.0,,,0,Never/Unknown,70,Currently powered OFF; Never powered on since tracking period
PNO-CX-N-0327,4f6c602b-570f-4a25-93d6-67619ee9162a,OFF,4,12.0,,,0,Never/Unknown,70,Currently powered OFF; Never powered on since tracking period
PNO-CX-N-0728,dc09c439-49f9-4da4-8a0b-638b6bf3b531,OFF,4,12.0,,,0,Never/Unknown,70,Currently powered OFF; Never powered on since tracking period
PNO-CX-N-0326,569c8fb5-9556-42b2-9367-7197fb771ccf,OFF,4,12.0,,,0,Never/Unknown,70,Currently powered OFF; Never powered on since tracking period
PNO-CX-W-1-0067,ab18cbf1-1e5b-4691-83fb-473f8a0ca489,OFF,4,12.0,,,0,Never/Unknown,70,Currently powered OFF; Never powered on since tracking period
PNO-CX-W-1-0204,7ccf670b-0bd1-4b4e-86aa-39b62244f64c,OFF,4,12.0,,,0,Never/Unknown,70,Currently powered OFF; Never powered on since tracking period
PNO-CX-2-W-0054,1878689c-c35e-4fef-a35f-02db4326624a,OFF,4,12.0,,,0,Never/Unknown,70,Currently powered OFF; Never powered on since tracking period
PNO-CX-uipath-m,dfcaac76-acf8-403a-911d-7c4bcb395133,OFF,4,16.0,,,0,Never/Unknown,70,Currently powered OFF; Never powered on since tracking period
PNO-CX-2-W-0066,73553378-52b9-48a7-8848-11940e71fdf1,OFF,4,12.0,,,0,Never/Unknown,70,Currently powered OFF; Never powered on since tracking period
PNO-CX-W-1-0006,f71ff004-415c-471d-8ea6-153c1386038c,OFF,4,12.0,,,0,Never/Unknown,70,Currently powered OFF; Never powered on since tracking period
PNO-CX-2-W-0155,1193ab79-e5c7-454f-92a7-1f3c63535426,OFF,4,12.0,,,0,Never/Unknown,70,Currently powered OFF; Never powered on since tracking period
PNO-CX-N-0320,7f0463fa-6338-408f-b5ae-9d80a8e980cf,OFF,4,12.0,,,0,Never/Unknown,70,Currently powered OFF; Never powered on since tracking period
PNO-CX-W-1-0106,68857739-a6b1-4db9-b8e3-22898d05676b,OFF,4,12.0,,,0,Never/Unknown,70,Currently powered OFF; Never powered on since tracking period
PNO-CX-N-0314,6223f6d4-2f97-474f-8664-a270b66e76ec,OFF,4,12.0,,,0,Never/Unknown,70,Currently powered OFF; Never powered on since tracking period
PNO-CX-W-1-0104,10f38af5-cee9-48ba-8ff1-015c4fd5de27,OFF,4,12.0,,,0,Never/Unknown,70,Currently powered OFF; Never powered on since tracking period
PNO-CX-N-0325,5adaa740-c602-4076-9602-54c87cba9f3d,OFF,4,12.0,,,0,Never/Unknown,70,Currently powered OFF; Never powered on since tracking period
PNO-CX-W-1-0013,86e62970-a624-4d83-8980-abf433da783e,OFF,4,12.0,,,0,Never/Unknown,70,Currently powered OFF; Never powered on since tracking period
PNO-CX-N-0333,1f2be30b-1e15-4fa0-afd7-4d8b07c42807,OFF,4,12.0,,,0,Never/Unknown,70,Currently powered OFF; Never powered on since tracking period
PNO-CX-2-W-0035,e6e02adb-61a6-48ea-bdd5-e43aecb7a223,OFF,4,12.0,,,0,Never/Unknown,70,Currently powered OFF; Never powered on since tracking period
PNO-CX-W-1-0191,4c191229-1c86-4760-ac8d-feea18c98fcb,OFF,4,12.0,,,0,Never/Unknown,70,Currently powered OFF; Never powered on since tracking period
PNO-CX-2-W-0021,dd06d490-fe89-4444-88d8-5b415a420d33,OFF,4,12.0,,,0,Never/Unknown,70,Currently powered OFF; Never powered on since tracking period
PNO-CX-2-W-0020,39a627c0-abf3-4d98-9dfc-9cc443cd44b4,OFF,4,12.0,,,0,Never/Unknown,70,Currently powered OFF; Never powered on since tracking period
PNO-CX-2-W-0127,1d1ebfd0-7fc8-41c7-8968-1ef9a4c6e7d3,OFF,4,12.0,,,0,Never/Unknown,70,Currently powered OFF; Never powered on since tracking period
PNO-CX-W-1-0161,5277e0b1-2926-41a4-b91e-49e94eb1ac10,OFF,4,12.0,,,0,Never/Unknown,70,Currently powered OFF; Never powered on since tracking period
PNO-CX-2-W-0098,684a071d-8e48-4655-8cf4-36c811f40f2d,OFF,4,12.0,,,0,Never/Unknown,70,Currently powered OFF; Never powered on since tracking period
PNO-CX-W-1-0113,b191da65-9863-4b9c-9462-0145870af75f,OFF,4,12.0,,,0,Never/Unknown,70,Currently powered OFF; Never powered on since tracking period
PNO-CX-2-W-0126,e560c865-3146-4f2b-b853-1efa7aa5b68e,OFF,4,12.0,,,0,Never/Unknown,70,Currently powered OFF; Never powered on since tracking period
PNO-CX-N-0324,a69c0048-054f-480b-8a37-ea2d5a30cdbc,OFF,4,12.0,,,0,Never/Unknown,70,Currently powered OFF; Never powered on since tracking period
PNO-CX-2-W-0031,4e396de1-1079-41c8-9636-97b545343f20,OFF,4,12.0,,,0,Never/Unknown,70,Currently powered OFF; Never powered on since tracking period
PNO-CX-2-W-0025,e6e0600d-2824-4ba3-b5dd-1423f9962825,OFF,4,12.0,,,0,Never/Unknown,70,Currently powered OFF; Never powered on since tracking period
PNO-CX-2-W-0024,76a928a8-7344-4ba7-bb02-3d71250c0047,OFF,4,12.0,,,0,Never/Unknown,70,Currently powered OFF; Never powered on since tracking period
PNO-CX-2-W-0089,75a16b73-9c80-49b2-bdad-bf64b7100381,OFF,4,12.0,,,0,Never/Unknown,70,Currently powered OFF; Never powered on since tracking period
PNO-CX-W-1-0120,146cdd85-79a0-4ba5-9a26-030c4bf9c21e,OFF,4,12.0,,,0,Never/Unknown,70,Currently powered OFF; Never powered on since tracking period
PNO-CX-W-1-0117,da568f4a-a1e0-4b8d-b4be-1bff35c89112,OFF,4,12.0,,,0,Never/Unknown,70,Currently powered OFF; Never powered on since tracking period
PNO-CX-2-W-0016,b2b94110-c8a0-4adf-8736-c8039e49759b,OFF,4,12.0,,,0,Never/Unknown,70,Currently powered OFF; Never powered on since tracking period
PNO-CX-2-W-0132,e21dd1d4-20f2-4fe8-bfec-0f169919450d,OFF,4,12.0,,,0,Never/Unknown,70,Currently powered OFF; Never powered on since tracking period
PNO-CX-W-1-0210,42884412-b447-4da4-a89c-c3269e09a0bd,OFF,4,12.0,,,0,Never/Unknown,70,Currently powered OFF; Never powered on since tracking period
PNO-CX-2-W-0131,0a9689e8-9933-4e28-9e10-eb4688536b39,OFF,4,12.0,,,0,Never/Unknown,70,Currently powered OFF; Never powered on since tracking period
PNO-CX-W-1-0082,a0012d27-20cd-4d83-ba38-7a0291a886ec,OFF,4,12.0,,,0,Never/Unknown,70,Currently powered OFF; Never powered on since tracking period
PNO-CX-2-W-0052,72d6168a-8b85-4220-8cbb-5921d79ee022,OFF,4,12.0,,,0,Never/Unknown,70,Currently powered OFF; Never powered on since tracking period
PNO-CX-2-W-0112,a77f061c-350e-44a7-8ce4-44388f0030b4,OFF,4,12.0,,,0,Never/Unknown,70,Currently powered OFF; Never powered on since tracking period
PNO-CX-W-1-0141,16de3eaf-145e-4bda-b1be-7a7bc80c96f7,OFF,4,12.0,,,0,Never/Unknown,70,Currently powered OFF; Never powered on since tracking period
PNO-CX-W-1-0139,07259295-3ac9-4071-8be7-fadce4feb22f,OFF,4,12.0,,,0,Never/Unknown,70,Currently powered OFF; Never powered on since tracking period
PNO-CX-W-1-0150,278d6fc6-743c-4ca9-a4ea-47e191f4670a,OFF,4,12.0,,,0,Never/Unknown,70,Currently powered OFF; Never powered on since tracking period
PNO-CX-W-1-0023,62b26a04-eec4-4daf-b8b0-df61ddd7459e,OFF,4,12.0,,,0,Never/Unknown,70,Currently powered OFF; Never powered on since tracking period
PNO-CX-2-W-0072,32e17f19-2d84-4c07-ad1d-63a6f244fc7f,OFF,4,12.0,,,0,Never/Unknown,70,Currently powered OFF; Never powered on since tracking period
PNO-CX-2-W-0109,6ba10fe0-1373-47f3-8ac0-13623f3f17cb,OFF,4,12.0,,,0,Never/Unknown,70,Currently powered OFF; Never powered on since tracking period
PNO-CX-W-1-0138,da42c4a8-241c-4ae2-b03f-2961735a6aba,OFF,4,12.0,,,0,Never/Unknown,70,Currently powered OFF; Never powered on since tracking period
PNO-CX-W-1-0095,7fdfd1ac-f3c6-4a2a-b8fc-c6f008b60d21,OFF,4,12.0,,,0,Never/Unknown,70,Currently powered OFF; Never powered on since tracking period
PNO-CX-2-W-0037,a4fbc627-cde7-4ec6-a509-16520c091ea9,OFF,4,12.0,,,0,Never/Unknown,70,Currently powered OFF; Never powered on since tracking period
PNO-CX-2-W-0100,5d4a0019-2eb0-4711-92fa-93076b48d577,OFF,4,12.0,,,0,Never/Unknown,70,Currently powered OFF; Never powered on since tracking period
PNO-CX-2-W-0014,eecca84c-85b1-446a-941a-e5a6f54123d1,OFF,4,12.0,,,0,Never/Unknown,70,Currently powered OFF; Never powered on since tracking period
PNO-CX-2-W-0087,da5d709f-d845-4fd0-a394-90ecbd09bfc6,OFF,4,12.0,,,0,Never/Unknown,70,Currently powered OFF; Never powered on since tracking period
PNO-CX-W-1-0154,39405a29-d6af-49a2-aef2-a811a94e6158,OFF,4,12.0,,,0,Never/Unknown,70,Currently powered OFF; Never powered on since tracking period
PNO-CX-N-0329,fd0c591d-d0f4-451b-9656-268aca4aa8ab,OFF,4,12.0,,,0,Never/Unknown,70,Currently powered OFF; Never powered on since tracking period
PNO-CX-W-1-0071,7114cf79-10c4-4faf-b3e7-0ca43d11b2fe,OFF,4,12.0,,,0,Never/Unknown,70,Currently powered OFF; Never powered on since tracking period
PNO-CX-W-1-0084,250140dc-ffc3-43d5-90fc-351ba38d9bfe,OFF,4,12.0,,,0,Never/Unknown,70,Currently powered OFF; Never powered on since tracking period
PNO-CX-2-W-0044,cc1b61c2-bb96-4baa-b4ff-a0b1d083fae3,OFF,4,12.0,,,0,Never/Unknown,70,Currently powered OFF; Never powered on since tracking period
PNO-CX-W-1-0186,c68ea0fc-d060-41e5-afbe-5f9a4a1d743c,OFF,4,12.0,,,0,Never/Unknown,70,Currently powered OFF; Never powered on since tracking period
PNO-CX-W-1-0200,87a278f8-32d4-4cd9-9ea1-ab91b57ce9dd,OFF,4,12.0,,,0,Never/Unknown,70,Currently powered OFF; Never powered on since tracking period
PNO-CX-W-1-0062,dbdb25cb-50c6-40c3-90d6-3c0042649c1d,OFF,4,12.0,,,0,Never/Unknown,70,Currently powered OFF; Never powered on since tracking period
PNO-CX-2-W-0049,98264785-c3ea-464c-8cbf-970ed3d53543,OFF,4,12.0,,,0,Never/Unknown,70,Currently powered OFF; Never powered on since tracking period
PNO-CX-W-1-0063,fb76aa7a-1722-49aa-9245-94470d9d805e,OFF,4,12.0,,,0,Never/Unknown,70,Currently powered OFF; Never powered on since tracking period
PNO-CX-W-1-0165,a591e2c6-a75e-4b23-b7d9-185686ac42e3,OFF,4,12.0,,,0,Never/Unknown,70,Currently powered OFF; Never powered on since tracking period
PNO-CX-2-W-0040,cb1129b9-cbc6-4f51-a30a-4a03f71476a2,OFF,4,12.0,,,0,Never/Unknown,70,Currently powered OFF; Never powered on since tracking period
PNO-CX-2-W-0051,8d48e0b7-840c-4e25-88e6-40fac1913310,OFF,4,12.0,,,0,Never/Unknown,70,Currently powered OFF; Never powered on since tracking period
PNO-CX-W-1-0166,4824203f-c363-4215-b71f-aa714cc09004,OFF,4,12.0,,,0,Never/Unknown,70,Currently powered OFF; Never powered on since tracking period
PNO-CX-2-W-0069,5bf3e85d-0976-446e-ae7b-22dd0bbf68a5,OFF,4,12.0,,,0,Never/Unknown,70,Currently powered OFF; Never powered on since tracking period
PNO-CX-W-1-0017,7cd934c3-ae33-44db-a091-e9f3b1e2b3ce,OFF,4,12.0,,,0,Never/Unknown,70,Currently powered OFF; Never powered on since tracking period
PNO-CX-2-W-0086,89343025-d4f7-44cc-8e10-1946fb64e558,OFF,4,12.0,,,0,Never/Unknown,70,Currently powered OFF; Never powered on since tracking period
PNO-CX-2-W-0113,e54f5df7-9765-49ed-b688-12c4de692853,OFF,4,12.0,,,0,Never/Unknown,70,Currently powered OFF; Never powered on since tracking period
PNO-CX-W-1-0114,e93e6fec-ed84-40db-893c-9ef1dd6abc6c,OFF,4,12.0,,,0,Never/Unknown,70,Currently powered OFF; Never powered on since tracking period
PNO-CX-W-1-0178,03a199b4-16b8-417e-b790-92e8b01aa500,OFF,4,12.0,,,0,Never/Unknown,70,Currently powered OFF; Never powered on since tracking period
PNO-CX-2-W-0071,3546e6bb-e7d6-41d6-b7a7-75a3fffff881,OFF,4,12.0,,,0,Never/Unknown,70,Currently powered OFF; Never powered on since tracking period
PNO-CX-2-W-0120,cf42c430-c971-4c28-b435-e2c63290bfe2,OFF,4,12.0,,,0,Never/Unknown,70,Currently powered OFF; Never powered on since tracking period
PNO-CX-P-DevUP,8293ecc9-f572-4a56-b116-32e2e512e037,OFF,2,8.0,,,0,Never/Unknown,70,Currently powered OFF; Never powered on since tracking period
PNO-CX-2-W-0149,7d2a9da2-03ec-4a46-9e43-414f1945971a,OFF,4,12.0,,,0,Never/Unknown,70,Currently powered OFF; Never powered on since tracking period
PNO-CX-W-1-0053,48e5aaae-4638-4e04-ad9e-9a4140b08cb8,OFF,4,12.0,,,0,Never/Unknown,70,Currently powered OFF; Never powered on since tracking period
PNO-CX-2-W-0057,a43b18ba-8993-42e1-a230-dc200713ad3c,OFF,4,12.0,,,0,Never/Unknown,70,Currently powered OFF; Never powered on since tracking period
PNO-CX-W-1-0004,0c1970a0-08d7-43a3-a1ce-d65d0ca83356,OFF,4,12.0,,,0,Never/Unknown,70,Currently powered OFF; Never powered on since tracking period
PNO-CX-W-1-0036,45ddde70-5939-4e50-9ebb-9a753685dd32,OFF,4,12.0,,,0,Never/Unknown,70,Currently powered OFF; Never powered on since tracking period
PNO-CX-W-1-0184,731e158f-3c9a-47c4-923d-d696a48cd585,OFF,4,12.0,,,0,Never/Unknown,70,Currently powered OFF; Never powered on since tracking period
PNO-CX-N-0321,440530d7-d496-4385-a3dc-7f6994b7114a,OFF,4,12.0,,,0,Never/Unknown,70,Currently powered OFF; Never powered on since tracking period
PNO-CX-W-1-0019,fc0de1ff-1cc9-4a4d-b47d-8b8c4908f396,OFF,4,12.0,,,0,Never/Unknown,70,Currently powered OFF; Never powered on since tracking period
PNO-CX-W-1-0202,3b6b51ba-11e8-43cb-a68e-d1f94838c280,OFF,4,12.0,,,0,Never/Unknown,70,Currently powered OFF; Never powered on since tracking period
PNO-CX-TEMPLATE-VDI-002,42e64ff7-b067-4aba-8014-366fe1658ecc,OFF,4,12.0,,,0,Never/Unknown,70,Currently powered OFF; Never powered on since tracking period
PNO-CX-2-W-0092,984f9461-a73d-4229-ad15-d84f2e3ffd9d,OFF,4,12.0,,,0,Never/Unknown,70,Currently powered OFF; Never powered on since tracking period
PNO-CX-2-W-0110,1655f8af-34c6-4e19-833d-565effedcf9a,OFF,4,12.0,,,0,Never/Unknown,70,Currently powered OFF; Never powered on since tracking period
PNO-CX-2-W-0013,0a665115-f659-468b-a441-b8af75cfccce,OFF,4,12.0,,,0,Never/Unknown,70,Currently powered OFF; Never powered on since tracking period
PNO-CX-2-W-0028,55cd6681-f3e5-484b-8ee7-c71df1d05a6c,OFF,4,12.0,,,0,Never/Unknown,70,Currently powered OFF; Never powered on since tracking period
PNO-CX-P-0311,e08dee99-8b52-42c4-b48d-af1814d5cadb,OFF,4,16.0,,,0,Never/Unknown,70,Currently powered OFF; Never powered on since tracking period
PNO-CX-W-1-0059,778471c2-a7ba-4588-9788-1174c3ec94a9,OFF,4,12.0,,,0,Never/Unknown,70,Currently powered OFF; Never powered on since tracking period
PNO-CX-W-1-0127,28436009-eb39-437d-818f-35d265f139fd,OFF,4,12.0,,,0,Never/Unknown,70,Currently powered OFF; Never powered on since tracking period
PNO-CX-W-1-0213,4512655e-4fc1-4441-a999-0972fef7315b,OFF,4,12.0,,,0,Never/Unknown,70,Currently powered OFF; Never powered on since tracking period
PNO-CX-2-W-0022,4f312d13-fa23-439f-8e37-71125f830182,OFF,4,12.0,,,0,Never/Unknown,70,Currently powered OFF; Never powered on since tracking period
PNO-CX-W-1-0056,5cb1ab4a-d1ff-4342-ae63-376730b51344,OFF,4,12.0,,,0,Never/Unknown,70,Currently powered OFF; Never powered on since tracking period
PNO-CX-W-1-0080,02716538-ff59-4415-8a17-9bd07f741633,OFF,4,12.0,,,0,Never/Unknown,70,Currently powered OFF; Never powered on since tracking period
PNO-CX-W-1-0081,561347c3-3bca-45a4-bafe-373f93536d4f,OFF,4,12.0,,,0,Never/Unknown,70,Currently powered OFF; Never powered on since tracking period
PNO-CX-2-W-0064,96c3958a-2128-44d9-ae2d-10eb24f0bc57,OFF,4,12.0,,,0,Never/Unknown,70,Currently powered OFF; Never powered on since tracking period
PNO-CX-W-1-0134,0c27cb40-b10c-401f-b729-8903a3e5b1ee,OFF,4,12.0,,,0,Never/Unknown,70,Currently powered OFF; Never powered on since tracking period
PNO-CX-2-W-0117,07c53f01-63c8-471f-95da-632ca6e09a77,OFF,4,12.0,,,0,Never/Unknown,70,Currently powered OFF; Never powered on since tracking period
PNO-CX-N-0311,7e11f3f5-195a-4d49-a022-c4ee20aec22a,OFF,4,12.0,,,0,Never/Unknown,70,Currently powered OFF; Never powered on since tracking period
PNO-CX-W-1-0015,a6fa74a2-dfdb-4772-a6b1-d0bea05a6a77,OFF,4,12.0,,,0,Never/Unknown,70,Currently powered OFF; Never powered on since tracking period
PNO-CX-N-0306,e3bd4b4c-41f0-4d3c-b7eb-6fd0d9e44103,OFF,4,12.0,,,0,Never/Unknown,70,Currently powered OFF; Never powered on since tracking period
PNO-CX-W-1-0022,a90abd75-c5dd-4973-a2f8-eb58922d90cd,OFF,4,12.0,,,0,Never/Unknown,70,Currently powered OFF; Never powered on since tracking period
PNO-CX-W-1-0079,171bb980-6dfa-4efd-ab3a-c16efebe3b58,OFF,4,12.0,,,0,Never/Unknown,70,Currently powered OFF; Never powered on since tracking period
PNO-CX-W-1-0129,a5125d00-c01a-47f1-96b2-f18d391fce3a,OFF,4,12.0,,,0,Never/Unknown,70,Currently powered OFF; Never powered on since tracking period
PNO-CX-P-0013c,584ae08b-8e1c-4ee0-801e-4bdfa5081d28,OFF,4,12.0,,,0,Never/Unknown,70,Currently powered OFF; Never powered on since tracking period
PNO-CX-2-W-0130,845a8368-d373-4067-b2df-6e7c25940a8f,OFF,4,12.0,,,0,Never/Unknown,70,Currently powered OFF; Never powered on since tracking period
PNO-CX-2-W-0097,7ee671ec-2776-4a21-9859-dc86446f8aec,OFF,4,12.0,,,0,Never/Unknown,70,Currently powered OFF; Never powered on since tracking period
PNO-CX-2-W-0116,2c5bb767-e941-4d53-a887-0c06e718a69a,OFF,4,12.0,,,0,Never/Unknown,70,Currently powered OFF; Never powered on since tracking period
PNO-CX-W-1-0065,ea4d29ed-d5b6-491b-b787-49731745bf4a,OFF,4,12.0,,,0,Never/Unknown,70,Currently powered OFF; Never powered on since tracking period
PNO-CX-W-1-0089,0dcb852e-a784-455f-adb6-60483905c6f9,OFF,4,12.0,,,0,Never/Unknown,70,Currently powered OFF; Never powered on since tracking period
PNO-CX-W-1-0136,433fd042-83e1-45ea-b321-561498bf2a16,OFF,4,12.0,,,0,Never/Unknown,70,Currently powered OFF; Never powered on since tracking period
PNO-CX-2-W-0026,649301dd-a748-46b0-abec-1d6f9a2ab684,OFF,4,24.0,,,0,Never/Unknown,70,Currently powered OFF; Never powered on since tracking period
PNO-CX-2-W-0033,3d8f66a4-5d2a-4454-a7a0-04c959a127eb,OFF,4,12.0,,,0,Never/Unknown,70,Currently powered OFF; Never powered on since tracking period
PNO-CX-2-W-0107,bc153259-7e9f-44ba-9630-e0260723c340,OFF,4,12.0,,,0,Never/Unknown,70,Currently powered OFF; Never powered on since tracking period
PNO-CX-N-0330,6239328b-bc3f-4acf-885f-057491cab393,OFF,4,12.0,,,0,Never/Unknown,70,Currently powered OFF; Never powered on since tracking period
PNO-CX-2-W-0124,d500506c-6f9b-48ec-b6ee-e30bde659b71,OFF,4,12.0,,,0,Never/Unknown,70,Currently powered OFF; Never powered on since tracking period
PNO-CX-W-1-0011,e09a8c53-4328-4957-a786-6786b4924f1e,OFF,4,12.0,,,0,Never/Unknown,70,Currently powered OFF; Never powered on since tracking period
PNO-CX-2-W-0096,c3ffe294-169d-4a7c-8e0c-605858cf2e94,OFF,4,12.0,,,0,Never/Unknown,70,Currently powered OFF; Never powered on since tracking period
PNO-CX-W-1-0111,cccdbe1f-3131-4ae4-9438-35197ef265b5,OFF,4,12.0,,,0,Never/Unknown,70,Currently powered OFF; Never powered on since tracking period
PNO-CX-W-1-0005,9e4295d5-eb00-41fe-ab0e-290d40ccbea8,OFF,4,12.0,,,0,Never/Unknown,70,Currently powered OFF; Never powered on since tracking period
PNO-CX-2-W-0153,06abdc2b-bbc0-4cd7-ac9a-49bb758dc090,OFF,4,12.0,,,0,Never/Unknown,70,Currently powered OFF; Never powered on since tracking period
PNO-CX-2-W-0055,f78981ce-2141-41c7-b75f-234d6499e9b0,OFF,4,12.0,,,0,Never/Unknown,70,Currently powered OFF; Never powered on since tracking period
PNO-CX-W-1-0035,d4874231-c3f5-49f0-aa3c-f12e7db03e11,OFF,4,12.0,,,0,Never/Unknown,70,Currently powered OFF; Never powered on since tracking period
PNO-CX-W-1-0086,9eef65b2-b10e-412a-80be-7e5b154cba59,OFF,4,12.0,,,0,Never/Unknown,70,Currently powered OFF; Never powered on since tracking period
PNO-CX-W-1-0194,b7ec46cf-521c-4b2c-8a9f-80e550da5e55,OFF,4,12.0,,,0,Never/Unknown,70,Currently powered OFF; Never powered on since tracking period
PNO-CX-W-1-0144,08d560c0-5af8-461c-bd77-d88d8b19a3bb,OFF,4,12.0,,,0,Never/Unknown,70,Currently powered OFF; Never powered on since tracking period
PNO-CX-W-1-0156,9a24ad59-f0f5-4314-b031-74a8a016b909,OFF,4,12.0,,,0,Never/Unknown,70,Currently powered OFF; Never powered on since tracking period
PNO-CX-2-W-0099,79b1a7fd-c211-4992-b234-66e512094b3b,OFF,4,12.0,,,0,Never/Unknown,70,Currently powered OFF; Never powered on since tracking period
PNO-CX-2-W-0036,918d99b4-e836-4c36-b9de-6cd2e29fe4f5,OFF,4,12.0,,,0,Never/Unknown,70,Currently powered OFF; Never powered on since tracking period
PNO-CX-W-1-0149,be029665-c365-4c52-9680-05bad45eec0d,OFF,4,12.0,,,0,Never/Unknown,70,Currently powered OFF; Never powered on since tracking period
PNO-CX-W-1-0057,6540126f-597c-4ec8-b234-32749e3fa23c,OFF,4,12.0,,,0,Never/Unknown,70,Currently powered OFF; Never powered on since tracking period
PNO-CX-W-1-0058,5cbbe0ff-8fec-4877-9d28-ddd2a4b0f7bc,OFF,4,12.0,,,0,Never/Unknown,70,Currently powered OFF; Never powered on since tracking period
PNO-CX-W-1-0135,bf9c33c4-27d7-40fe-b94f-113ddd2bbe17,OFF,4,12.0,,,0,Never/Unknown,70,Currently powered OFF; Never powered on since tracking period
PNO-CX-W-1-0159,ca41caf3-781b-4c99-b5d0-b04c77a8e092,OFF,4,12.0,,,0,Never/Unknown,70,Currently powered OFF; Never powered on since tracking period
PNO-CX-W-1-0181,c659ea5b-003f-4526-8d94-ed7041c452a4,OFF,4,12.0,,,0,Never/Unknown,70,Currently powered OFF; Never powered on since tracking period
PNO-CX-2-W-0027,921e3826-078c-4226-a0d7-982ac3ddaf5b,OFF,4,12.0,,,0,Never/Unknown,70,Currently powered OFF; Never powered on since tracking period
PNO-CX-2-W-0041,4e84277b-2111-48f2-bd6f-26dac89ae590,OFF,4,12.0,,,0,Never/Unknown,70,Currently powered OFF; Never powered on since tracking period
PNO-CX-W-1-0170,0359515f-0c67-434a-a4b9-c768685b6a4a,OFF,4,12.0,,,0,Never/Unknown,70,Currently powered OFF; Never powered on since tracking period
PNO-CX-2-W-0082,da45e86b-dce0-49a1-8161-8c89316e3b76,OFF,4,12.0,,,0,Never/Unknown,70,Currently powered OFF; Never powered on since tracking period
PNO-CX-N-0316,acabe7b1-90c3-468f-b7c7-d501fcf95423,OFF,4,12.0,,,0,Never/Unknown,70,Currently powered OFF; Never powered on since tracking period
PNO-CX-W-1-0043,cf0c5c10-9274-46a0-9d92-c51fc7c402f9,OFF,4,12.0,,,0,Never/Unknown,70,Currently powered OFF; Never powered on since tracking period
PNO-CX-W-1-0201,5a5a839d-dfad-4df9-bd31-db72d0e85839,OFF,4,12.0,,,0,Never/Unknown,70,Currently powered OFF; Never powered on since tracking period
PNO-CX-W-1-0037,cf764426-a4b6-4ba4-a02d-0c89aceaae4a,OFF,4,12.0,,,0,Never/Unknown,70,Currently powered OFF; Never powered on since tracking period
PNO-CX-W-1-0091,497af7a6-3ad1-4b4e-b9f3-d0ded1feee98,OFF,4,12.0,,,0,Never/Unknown,70,Currently powered OFF; Never powered on since tracking period
PNO-CX-W-1-0195,a0dec4a2-8c2a-4fe9-adab-f3e0521ae2c1,OFF,4,12.0,,,0,Never/Unknown,70,Currently powered OFF; Never powered on since tracking period
PNO-CX-P-0312,7603dc9a-db27-48d7-a0c6-2133b34678ec,OFF,4,16.0,,,0,Never/Unknown,70,Currently powered OFF; Never powered on since tracking period
Preparation - Win11-SnM-AHV-N-Prod,585db6b8-f87c-47ea-a381-0fa494b0779c,OFF,2,16.0,,,0,Never/Unknown,70,Currently powered OFF; Never powered on since tracking period
PNO-CX-2-W-0157,78dfe9cb-c545-4997-8c8a-d7131a2ce680,OFF,4,12.0,,,0,Never/Unknown,70,Currently powered OFF; Never powered on since tracking period
PNO-CX-2-W-0012,a7c5278b-e770-40d8-a6b6-b2fb4dcf60c8,OFF,4,12.0,,,0,Never/Unknown,70,Currently powered OFF; Never powered on since tracking period
PNO-CX-2-W-0029,a2548578-ccb3-4034-8ba1-77529c05f6fe,OFF,4,12.0,,,0,Never/Unknown,70,Currently powered OFF; Never powered on since tracking period
PNO-CX-W-1-0102,127cea75-3d72-4506-b7c4-8809f1a577d2,OFF,4,12.0,,,0,Never/Unknown,70,Currently powered OFF; Never powered on since tracking period
PNO-CX-W-1-0301,a24ca81f-4ec3-4182-91c0-a441f6b98a8a,OFF,4,12.0,,,0,Never/Unknown,70,Currently powered OFF; Never powered on since tracking period
PNO-CX-2-W-0320,d72b9992-a2b4-4fb8-b66b-1cd1a9935506,OFF,4,12.0,,,0,Never/Unknown,70,Currently powered OFF; Never powered on since tracking period
PNO-CX-2-W-0167,18816712-58a6-443e-bb72-148ab403b77d,OFF,4,12.0,,,0,Never/Unknown,70,Currently powered OFF; Never powered on since tracking period
PNO-CX-2-W-0321,6f13fc9e-635d-4469-a36c-aa3811d7f3bd,OFF,4,12.0,,,0,Never/Unknown,70,Currently powered OFF; Never powered on since tracking period
PNO-CX-2-W-0363,8ad308c9-e023-4dd7-b01b-1ae0a951cde4,OFF,4,12.0,,,0,Never/Unknown,70,Currently powered OFF; Never powered on since tracking period
PNO-CX-W-1-0234,f90da7d9-14e1-4760-ac0a-dbac1bcd510a,OFF,4,12.0,,,0,Never/Unknown,70,Currently powered OFF; Never powered on since tracking period
PNO-CX-W-1-0263,741112fc-56b6-4761-bbe8-c44ed246964e,OFF,4,12.0,,,0,Never/Unknown,70,Currently powered OFF; Never powered on since tracking period
PNO-CX-2-W-0269,0bc7a035-23b8-48f1-adc4-864100503a09,OFF,4,12.0,,,0,Never/Unknown,70,Currently powered OFF; Never powered on since tracking period
PNO-CX-2-W-0366,3bfb21e1-181a-4aee-9213-a392a3a1af00,OFF,4,12.0,,,0,Never/Unknown,70,Currently powered OFF; Never powered on since tracking period
CTX_Win11-AG-AHV-N-Prod-C1_19/09/25 08:00,39c0525e-1a0d-41cd-8f5f-2be43c01b425,OFF,4,12.0,,,0,Never/Unknown,70,Currently powered OFF; Never powered on since tracking period
PNO-CX-W-1-0224,b5337dbb-205b-46a9-ae8c-5501e3ffb7bf,OFF,4,12.0,,,0,Never/Unknown,70,Currently powered OFF; Never powered on since tracking period
PNO-CX-2-W-0190,da766b94-b93e-4b38-bdd5-eaca84882ee0,OFF,4,12.0,,,0,Never/Unknown,70,Currently powered OFF; Never powered on since tracking period
PNO-CX-2-W-0240,e6a56c95-dc40-48d2-949e-ad59388146c9,OFF,4,12.0,,,0,Never/Unknown,70,Currently powered OFF; Never powered on since tracking period
PNO-CX-2-W-0183,e87bf8f9-6bbc-4390-8846-e319ffa66efc,OFF,4,12.0,,,0,Never/Unknown,70,Currently powered OFF; Never powered on since tracking period
PNO-CX-2-W-0218,373aa6cb-add3-443b-87f2-520424397b67,OFF,4,12.0,,,0,Never/Unknown,70,Currently powered OFF; Never powered on since tracking period
PNO-CX-2-W-0372,32ba8d7d-6d38-47f4-a607-70670e7c10dc,OFF,4,12.0,,,0,Never/Unknown,70,Currently powered OFF; Never powered on since tracking period
PNO-CX-W-1-0248,b2bc3d25-b0e8-4325-b23a-907fa4875365,OFF,4,12.0,,,0,Never/Unknown,70,Currently powered OFF; Never powered on since tracking period
PNO-CX-2-W-0295,81d5613d-fde7-4cce-8b47-18f491121b02,OFF,4,12.0,,,0,Never/Unknown,70,Currently powered OFF; Never powered on since tracking period
PNO-CX-2-W-0239,ba40d60b-45ed-4db3-be31-078405540be9,OFF,4,12.0,,,0,Never/Unknown,70,Currently powered OFF; Never powered on since tracking period
PNO-CX-W-1-0246,e52f052e-38f1-49c9-95e4-2f7d960dae69,OFF,4,12.0,,,0,Never/Unknown,70,Currently powered OFF; Never powered on since tracking period
PNO-CX-2-W-0255,f7a7b18b-42fe-46c8-91de-a53572a330e4,OFF,4,12.0,,,0,Never/Unknown,70,Currently powered OFF; Never powered on since tracking period
PNO-CX-2-W-0344,fbda6d18-6d36-4bad-b343-dc4b2f78ab23,OFF,4,12.0,,,0,Never/Unknown,70,Currently powered OFF; Never powered on since tracking period
PNO-CX-W-1-0225,57d4bb9e-b49b-4e53-bba2-666701e21e8d,OFF,4,12.0,,,0,Never/Unknown,70,Currently powered OFF; Never powered on since tracking period
PNO-CX-W-1-0232,b45fd0fc-1f1f-4f79-aaaa-1e305d5d5ce7,OFF,4,12.0,,,0,Never/Unknown,70,Currently powered OFF; Never powered on since tracking period
PNO-CX-2-W-0243,fd8afc46-86ef-4c65-adfd-01ec4898c80d,OFF,4,12.0,,,0,Never/Unknown,70,Currently powered OFF; Never powered on since tracking period
PNO-CX-2-W-0353,a309926e-bdcb-4f91-8e49-36af1900e7bf,OFF,4,12.0,,,0,Never/Unknown,70,Currently powered OFF; Never powered on since tracking period
PNO-CX-W-1-0294,89bb5c2f-1870-4152-995d-011162fee6a5,OFF,4,12.0,,,0,Never/Unknown,70,Currently powered OFF; Never powered on since tracking period
PNO-CX-2-W-0186,12e2d8de-9887-417d-974b-b5cb2f276ab6,OFF,4,12.0,,,0,Never/Unknown,70,Currently powered OFF; Never powered on since tracking period
Preparation - Win11-SnM-AHV-N-Prod-C2,112755c2-4d40-405d-91e8-888f6c795b1a,OFF,2,16.0,,,0,Never/Unknown,70,Currently powered OFF; Never powered on since tracking period
PNO-CX-2-W-0334,34df62d9-5f92-42e9-aaa1-c6ab0f2b2d79,OFF,4,12.0,,,0,Never/Unknown,70,Currently powered OFF; Never powered on since tracking period
PNO-CX-2-W-0337,b3800167-ba61-4793-8f59-4ddeec80633b,OFF,4,12.0,,,0,Never/Unknown,70,Currently powered OFF; Never powered on since tracking period
PNO-CX-W-1-0302,e28d08d3-91c6-4345-b991-1a29de6a2e1e,OFF,4,12.0,,,0,Never/Unknown,70,Currently powered OFF; Never powered on since tracking period
PNO-CX-2-W-0216,fa490346-1889-40b3-96d2-a018ecab4e27,OFF,4,12.0,,,0,Never/Unknown,70,Currently powered OFF; Never powered on since tracking period
PNO-CX-2-W-0230,df8bc1df-4789-426c-83b3-a619b2a372be,OFF,4,12.0,,,0,Never/Unknown,70,Currently powered OFF; Never powered on since tracking period
PNO-CX-2-W-0350,46e6a80b-10cb-4813-85b0-8a724dc95ade,OFF,4,12.0,,,0,Never/Unknown,70,Currently powered OFF; Never powered on since tracking period
PNO-CX-W-1-0293,dfb906a9-f5d6-4fe0-98d1-5fe74d2da216,OFF,4,12.0,,,0,Never/Unknown,70,Currently powered OFF; Never powered on since tracking period
PNO-CX-2-W-0259,8cab2e4b-c373-497d-9c09-f93f73f26e11,OFF,4,12.0,,,0,Never/Unknown,70,Currently powered OFF; Never powered on since tracking period
PNO-CX-2-W-0160,f28a5121-c216-4cb0-b6cc-9afc64031385,OFF,4,12.0,,,0,Never/Unknown,70,Currently powered OFF; Never powered on since tracking period
CTX_Win11-SnM-AHV-N-Prod-C2_10/10/25 06:00,22914b8b-05bd-49e2-a3c5-b9d6d3fdb862,OFF,4,12.0,,,0,Never/Unknown,70,Currently powered OFF; Never powered on since tracking period
PNO-CX-2-W-0168,b7c3c029-b326-4925-89a3-eb71f40ecfd4,OFF,4,12.0,,,0,Never/Unknown,70,Currently powered OFF; Never powered on since tracking period
PNO-CX-2-W-0351,d3b69137-7135-453b-987f-59f7db6dafb6,OFF,4,12.0,,,0,Never/Unknown,70,Currently powered OFF; Never powered on since tracking period
PNO-CX-2-W-0359,a7040ef3-8c9c-4da9-9c60-c61faf822c86,OFF,4,12.0,,,0,Never/Unknown,70,Currently powered OFF; Never powered on since tracking period
PNO-CX-W-1-0307,7d622877-3e2d-4282-a888-84fd8df01f5e,OFF,4,12.0,,,0,Never/Unknown,70,Currently powered OFF; Never powered on since tracking period
PNO-CX-2-W-0198,ba6a82e5-3c4c-435e-a254-2fbdf848b13a,OFF,4,12.0,,,0,Never/Unknown,70,Currently powered OFF; Never powered on since tracking period
PNO-CX-2-W-0254,42d786df-b443-4731-8c9c-7916afae8088,OFF,4,12.0,,,0,Never/Unknown,70,Currently powered OFF; Never powered on since tracking period
Preparation - Win11-SnM-AHV-N-Prod-C2,2b462d8a-757d-4156-949d-f24992dd4a47,OFF,2,16.0,,,0,Never/Unknown,70,Currently powered OFF; Never powered on since tracking period
PNO-CX-2-W-0329,d1257fc3-f0d7-4222-acba-b92d19789b50,OFF,4,12.0,,,0,Never/Unknown,70,Currently powered OFF; Never powered on since tracking period
PNO-CX-W-1-0269,6d7241f3-dd01-4ac6-9e92-7ad806cf8b7b,OFF,4,12.0,,,0,Never/Unknown,70,Currently powered OFF; Never powered on since tracking period
PNO-CX-2-W-0207,da629b56-70e9-4dfb-96a6-0ebc694e1b40,OFF,4,12.0,,,0,Never/Unknown,70,Currently powered OFF; Never powered on since tracking period
CTX_Win11-SnM-AHV-N-Prod-C2_22/08/25 14:00,214ef911-87eb-44d8-9e9d-8a0b1b8d985f,OFF,4,12.0,,,0,Never/Unknown,70,Currently powered OFF; Never powered on since tracking period
PNO-CX-2-W-0308,acdd77cd-8b60-49f0-82dd-173769feaad5,OFF,4,24.0,,,0,Never/Unknown,70,Currently powered OFF; Never powered on since tracking period
PNO-CX-2-W-0184,1ad13960-ecd9-4c5f-87d7-60a6698c7b3e,OFF,4,12.0,,,0,Never/Unknown,70,Currently powered OFF; Never powered on since tracking period
PNO-CX-W-1-0265,4b12e1f2-167b-4b65-919e-33c2ca014df7,OFF,4,12.0,,,0,Never/Unknown,70,Currently powered OFF; Never powered on since tracking period
PNO-CX-W-1-0288,0d694728-afa8-4006-9745-3a31006f7288,OFF,4,12.0,,,0,Never/Unknown,70,Currently powered OFF; Never powered on since tracking period
PNO-CX-W-1-0290,ef2d10ac-65f4-4eaf-b9e4-1ace147b6eff,OFF,4,12.0,,,0,Never/Unknown,70,Currently powered OFF; Never powered on since tracking period
PNO-CX-2-W-0289,93b391e7-8db9-4264-b429-bd7c78c215fc,OFF,4,12.0,,,0,Never/Unknown,70,Currently powered OFF; Never powered on since tracking period
Preparation - Win11-SnM-AHV-Dedicated-Prod-C2,92870292-2662-493a-b667-d3d5c372d5d6,OFF,2,16.0,,,0,Never/Unknown,70,Currently powered OFF; Never powered on since tracking period
PNO-CX-W-1-0300,309fc4e6-2fa8-46a8-a422-8a136fd2ca8b,OFF,4,12.0,,,0,Never/Unknown,70,Currently powered OFF; Never powered on since tracking period
PNO-CX-2-W-0286,102bcaea-3403-4c31-9521-16d1822aaed2,OFF,4,12.0,,,0,Never/Unknown,70,Currently powered OFF; Never powered on since tracking period
PNO-CX-W-1-0236,2aa4afdb-77b7-4f77-a8ee-bb2d133de7c3,OFF,4,12.0,,,0,Never/Unknown,70,Currently powered OFF; Never powered on since tracking period
PNO-CX-2-W-0231,30e59605-0906-484c-bb74-28a4bfa153b6,OFF,4,12.0,,,0,Never/Unknown,70,Currently powered OFF; Never powered on since tracking period
PNO-CX-2-W-0291,4c9bf53e-9a1f-4758-8486-40c4441472bd,OFF,4,12.0,,,0,Never/Unknown,70,Currently powered OFF; Never powered on since tracking period
Preparation - Win11-SnM-AHV-Dedicated-Prod-C2,392d1f3f-8844-4442-895f-50d4683a9cb2,OFF,2,16.0,,,0,Never/Unknown,70,Currently powered OFF; Never powered on since tracking period
PNO-CX-2-W-0159,1c9581ba-67d2-4283-9511-d75527a16031,OFF,4,12.0,,,0,Never/Unknown,70,Currently powered OFF; Never powered on since tracking period
PNO-CX-S-M,c86b318d-ba94-4632-a49f-ac347a6fcaf0,OFF,8,32.0,,,0,Never/Unknown,70,Currently powered OFF; Never powered on since tracking period
PNO-CX-W-1-0298,d90ea7ae-bffb-42b6-a305-9f86629423f8,OFF,4,12.0,,,0,Never/Unknown,70,Currently powered OFF; Never powered on since tracking period
PNO-CX-2-W-0318,fdd6277c-8c2a-416c-8018-d4373387270c,OFF,4,12.0,,,0,Never/Unknown,70,Currently powered OFF; Never powered on since tracking period
PNO-CX-2-W-0177,f97391e3-6ccf-4c15-a41e-ea069cbd2334,OFF,4,12.0,,,0,Never/Unknown,70,Currently powered OFF; Never powered on since tracking period
PNO-CX-2-W-0355,b029f215-05cd-4610-8beb-308256ff0831,OFF,4,12.0,,,0,Never/Unknown,70,Currently powered OFF; Never powered on since tracking period
PNO-CX-2-W-0223,46e91f21-d4fd-41ad-bf1e-2081f677d7d9,OFF,4,12.0,,,0,Never/Unknown,70,Currently powered OFF; Never powered on since tracking period
PNO-CX-2-W-0322,ebc53050-799f-4db8-94b9-bb4276469b2e,OFF,4,12.0,,,0,Never/Unknown,70,Currently powered OFF; Never powered on since tracking period
PNO-CX-W-1-0245,785dfcfe-d9b3-4947-9fd1-bdadcaf579c5,OFF,4,12.0,,,0,Never/Unknown,70,Currently powered OFF; Never powered on since tracking period
PNO-CX-2-W-0341,36ed8ad2-ebb0-4925-8fd1-91cd82e0b18b,OFF,4,12.0,,,0,Never/Unknown,70,Currently powered OFF; Never powered on since tracking period
PNO-CX-W-1-0306,e94f3863-696f-419a-b90a-500b1ffa024b,OFF,4,12.0,,,0,Never/Unknown,70,Currently powered OFF; Never powered on since tracking period
PNO-CX-2-W-0324,3bc5a6f3-6fd9-42f8-b8a8-d1f35ee09005,OFF,4,12.0,,,0,Never/Unknown,70,Currently powered OFF; Never powered on since tracking period
PNO-CX-W-1-0254,79d4b1dd-fa94-48a1-8a73-01c128a04178,OFF,4,12.0,,,0,Never/Unknown,70,Currently powered OFF; Never powered on since tracking period
PNO-CX-W-1-0299,bd184cfc-40b1-41a0-b23a-b32852e227ba,OFF,4,12.0,,,0,Never/Unknown,70,Currently powered OFF; Never powered on since tracking period
PNO-CX-2-W-0249,6d247fc2-71b9-434f-8cc9-672c96ecf1b4,OFF,4,12.0,,,0,Never/Unknown,70,Currently powered OFF; Never powered on since tracking period
PNO-CX-2-W-0247,8e5040dc-87be-40ca-a35a-5fbb78c5e190,OFF,4,12.0,,,0,Never/Unknown,70,Currently powered OFF; Never powered on since tracking period
PNO-CX-2-W-0261,dc738e2c-aa38-4011-abb5-601b3fe4c7f0,OFF,4,12.0,,,0,Never/Unknown,70,Currently powered OFF; Never powered on since tracking period
PNO-CX-W-1-0308,357967d3-69f2-4adf-b679-0cdacd3ddf7c,OFF,4,12.0,,,0,Never/Unknown,70,Currently powered OFF; Never powered on since tracking period
PNO-CX-2-W-0196,469bf994-5c2d-4abf-83b8-4fa536e6eda4,OFF,4,12.0,,,0,Never/Unknown,70,Currently powered OFF; Never powered on since tracking period
PNO-CX-2-W-0262,c3e39051-5d8d-4eef-8f35-904de7cdae8a,OFF,4,12.0,,,0,Never/Unknown,70,Currently powered OFF; Never powered on since tracking period
PNO-CX-2-W-0348,181ebb4c-eda8-4498-86b1-4380e2a35981,OFF,4,12.0,,,0,Never/Unknown,70,Currently powered OFF; Never powered on since tracking period
PNO-CX-2-W-0220,2fa0816e-a6e2-4fc8-a352-e0fb848ecd1d,OFF,4,12.0,,,0,Never/Unknown,70,Currently powered OFF; Never powered on since tracking period
PNO-CX-2-W-0283,26b7ffa0-1232-4868-955f-8f96574f4271,OFF,4,12.0,,,0,Never/Unknown,70,Currently powered OFF; Never powered on since tracking period
PNO-CX-W-1-0283,85840b5a-ad49-4954-b5b6-30a96e948b48,OFF,4,12.0,,,0,Never/Unknown,70,Currently powered OFF; Never powered on since tracking period
PNO-CX-2-W-0176,bb5c3560-d49b-48c9-a5b1-5c2d62d94dcc,OFF,4,12.0,,,0,Never/Unknown,70,Currently powered OFF; Never powered on since tracking period
PNO-CX-2-W-0191,7efab93b-53bd-47e2-a6bf-ae791332f895,OFF,4,12.0,,,0,Never/Unknown,70,Currently powered OFF; Never powered on since tracking period
PNO-CX-2-W-0276,8ea6d50f-54e4-40a3-bae9-e2753d6bad95,OFF,4,12.0,,,0,Never/Unknown,70,Currently powered OFF; Never powered on since tracking period
PNO-CX-2-W-0370,3962bf23-0c9d-439b-9704-d3d1850980dd,OFF,4,12.0,,,0,Never/Unknown,70,Currently powered OFF; Never powered on since tracking period
PNO-CX-2-W-0174,7362ca00-40a4-431f-a57d-3aaa77536f71,OFF,4,12.0,,,0,Never/Unknown,70,Currently powered OFF; Never powered on since tracking period
PNO-CX-2-W-0187,24950474-63f5-433b-8cef-49f6a60841ad,OFF,4,12.0,,,0,Never/Unknown,70,Currently powered OFF; Never powered on since tracking period
PNO-CX-2-W-0211,d645fb8c-de55-4d51-a8a9-12521bfb1a3c,OFF,4,12.0,,,0,Never/Unknown,70,Currently powered OFF; Never powered on since tracking period
PNO-CX-2-W-0221,d790ec1d-aa0d-425b-a742-746dc4b0e55e,OFF,4,12.0,,,0,Never/Unknown,70,Currently powered OFF; Never powered on since tracking period
PNO-CX-2-W-0277,dcdef217-e647-47f0-b9ff-d7897bd65946,OFF,4,12.0,,,0,Never/Unknown,70,Currently powered OFF; Never powered on since tracking period
PNO-CX-W-1-0289,4d5b68e2-be02-4ba8-8736-1e4a6bdedba1,OFF,4,12.0,,,0,Never/Unknown,70,Currently powered OFF; Never powered on since tracking period
PNO-CX-2-W-0208,64dbeec1-f1bc-4961-99b9-58248e7ecbc0,OFF,4,12.0,,,0,Never/Unknown,70,Currently powered OFF; Never powered on since tracking period
PNO-CX-2-W-0280,497fc98f-2368-4039-b841-0baa4753bdfc,OFF,4,12.0,,,0,Never/Unknown,70,Currently powered OFF; Never powered on since tracking period
PNO-CX-W-1-0264,01437880-c72f-4b2a-afd0-30b00e909059,OFF,4,12.0,,,0,Never/Unknown,70,Currently powered OFF; Never powered on since tracking period
PNO-CX-W-1-0310,1e129466-650d-4c6b-9949-46ff518d6ffc,OFF,4,12.0,,,0,Never/Unknown,70,Currently powered OFF; Never powered on since tracking period
PNO-CX-2-W-0200,3f0839cc-dcf7-42d0-8182-c82eeb818110,OFF,4,12.0,,,0,Never/Unknown,70,Currently powered OFF; Never powered on since tracking period
PNO-CX-2-W-0347,471f2f29-89c0-4898-959a-a918bac6b8ad,OFF,4,12.0,,,0,Never/Unknown,70,Currently powered OFF; Never powered on since tracking period
CTX_Win11-SnM-AHV-N-Prod-C2_19/09/25 08:00,4ced7a88-6998-4464-a118-02318c7c64dc,OFF,4,12.0,,,0,Never/Unknown,70,Currently powered OFF; Never powered on since tracking period
PNO-CX-W-1-0271,738bcad7-6c95-4f6d-bc7d-5c82139bc004,OFF,4,12.0,,,0,Never/Unknown,70,Currently powered OFF; Never powered on since tracking period
Preparation - Win11-SnM-AHV-Dedicated-Prod-C2,8d6c9e27-1924-4b2e-9e69-28918f549c7f,OFF,2,16.0,,,0,Never/Unknown,70,Currently powered OFF; Never powered on since tracking period
PNO-CX-2-W-0166,9d3fb788-766a-4703-a8c0-7867cb7ca4c1,OFF,4,12.0,,,0,Never/Unknown,70,Currently powered OFF; Never powered on since tracking period
PNO-CX-W-1-0280,a4ec2855-077e-4b87-8fb0-fff1c9caccb0,OFF,4,12.0,,,0,Never/Unknown,70,Currently powered OFF; Never powered on since tracking period
PNO-CX-2-W-0163,a4d1078a-929e-403c-bd82-4584c3b7a07a,OFF,4,12.0,,,0,Never/Unknown,70,Currently powered OFF; Never powered on since tracking period
PNO-CX-2-W-0293,b67b1a5f-19a2-4385-8a80-43c610c1b27e,OFF,4,12.0,,,0,Never/Unknown,70,Currently powered OFF; Never powered on since tracking period
CTX_Win11-AG-AHV-N-Prod-C1_22/08/25 08:08,797f4e5a-cf91-4be3-bae5-f60d07fb8ba7,OFF,4,12.0,,,0,Never/Unknown,70,Currently powered OFF; Never powered on since tracking period
PNO-CX-W-1-0277,f544d246-543b-481d-b068-2cf48b3ea946,OFF,4,12.0,,,0,Never/Unknown,70,Currently powered OFF; Never powered on since tracking period
PNO-CX-2-W-0298,34310772-9311-487a-87dd-27f2eb62a77d,OFF,4,24.0,,,0,Never/Unknown,70,Currently powered OFF; Never powered on since tracking period
PNO-CX-2-W-0332,ccf32446-e92f-4f13-9ad2-dd903798c114,OFF,4,12.0,,,0,Never/Unknown,70,Currently powered OFF; Never powered on since tracking period
PNO-CX-2-W-0335,45987610-148e-4da3-b750-ec3c03b52206,OFF,4,12.0,,,0,Never/Unknown,70,Currently powered OFF; Never powered on since tracking period
PNO-CX-2-W-0343,498619a1-235d-4036-9088-04a856248753,OFF,4,12.0,,,0,Never/Unknown,70,Currently powered OFF; Never powered on since tracking period
PNO-CX-2-W-0170,8c6fb09c-28f6-4732-abd5-96c9aff26bf5,OFF,4,12.0,,,0,Never/Unknown,70,Currently powered OFF; Never powered on since tracking period
PNO-CX-2-W-0203,8f6e6cca-adf7-44ae-85d2-8de1bddad04e,OFF,4,12.0,,,0,Never/Unknown,70,Currently powered OFF; Never powered on since tracking period
PNO-CX-2-W-0256,c5d74b2b-8cb9-4df9-b108-575ffa284ac7,OFF,4,12.0,,,0,Never/Unknown,70,Currently powered OFF; Never powered on since tracking period
PNO-CX-2-W-0325,1944bc54-126e-4969-bd4f-09569857c6d7,OFF,4,12.0,,,0,Never/Unknown,70,Currently powered OFF; Never powered on since tracking period
PNO-CX-W-1-0243,e2183a67-1544-45a3-a2ba-a3510b518a91,OFF,4,12.0,,,0,Never/Unknown,70,Currently powered OFF; Never powered on since tracking period
PNO-CX-2-W-0175,0b5a0205-cb3d-4d60-aa08-d213735213e3,OFF,4,12.0,,,0,Never/Unknown,70,Currently powered OFF; Never powered on since tracking period
PNO-CX-2-W-0338,7b00dfe7-a9dc-4ae4-a340-1d99ad5b07ac,OFF,4,12.0,,,0,Never/Unknown,70,Currently powered OFF; Never powered on since tracking period
PNO-CX-2-W-0364,c7aca67b-2ed4-4e2c-904a-b0d542f947b1,OFF,4,12.0,,,0,Never/Unknown,70,Currently powered OFF; Never powered on since tracking period
PNO-CX-W-1-0257,87f9d68f-9816-4b28-9c17-f5bbf91f0a84,OFF,4,12.0,,,0,Never/Unknown,70,Currently powered OFF; Never powered on since tracking period
PNO-CX-2-W-0319,dfeec839-5ef1-4792-b7a0-49b579ba8d2b,OFF,4,12.0,,,0,Never/Unknown,70,Currently powered OFF; Never powered on since tracking period
PNO-CX-2-W-0278,0784a4a0-ea43-423c-a8a5-39f6723e303b,OFF,4,12.0,,,0,Never/Unknown,70,Currently powered OFF; Never powered on since tracking period
PNO-CX-2-W-0367,e4dc092b-274e-456c-9cf4-8bc20def9ae4,OFF,4,12.0,,,0,Never/Unknown,70,Currently powered OFF; Never powered on since tracking period
PNO-CX-W-1-0281,1995e009-6a63-4f72-96ec-e86aaeeb920c,OFF,4,12.0,,,0,Never/Unknown,70,Currently powered OFF; Never powered on since tracking period
PNO-CX-2-W-0373,374a200e-7525-45be-a6d1-c2efec0fa4d6,OFF,4,12.0,,,0,Never/Unknown,70,Currently powered OFF; Never powered on since tracking period
PNO-CX-W-1-0268,c6b2e901-132e-4082-88eb-5386e52d2efb,OFF,4,12.0,,,0,Never/Unknown,70,Currently powered OFF; Never powered on since tracking period
PNO-CX-W-1-0270,9111ad6a-9484-4654-92e8-ffad645114ed,OFF,4,12.0,,,0,Never/Unknown,70,Currently powered OFF; Never powered on since tracking period
PNO-CX-2-W-0244,6318d126-7518-4518-b1dc-5b48c6629de3,OFF,4,12.0,,,0,Never/Unknown,70,Currently powered OFF; Never powered on since tracking period
PNO-CX-W-1-0267,7f6d315d-4e42-4e12-acdc-3e9c36bdcbc7,OFF,4,12.0,,,0,Never/Unknown,70,Currently powered OFF; Never powered on since tracking period
PNO-CX-2-W-0178,f4d25976-e99f-4ddf-94b5-2d9675ebf187,OFF,4,12.0,,,0,Never/Unknown,70,Currently powered OFF; Never powered on since tracking period
CTX_Win11-AG-AHV-N-Prod-C1_10/10/25 07:50,35746e7e-0043-405b-bd10-d84983042866,OFF,4,12.0,,,0,Never/Unknown,70,Currently powered OFF; Never powered on since tracking period
PNO-CX-W-1-0272,cf1916e4-ca63-40c8-8d03-945c8650cd6b,OFF,4,12.0,,,0,Never/Unknown,70,Currently powered OFF; Never powered on since tracking period
PNO-CX-2-W-0224,1f6fc852-7a5a-4c4e-b67c-762025b2bf20,OFF,4,12.0,,,0,Never/Unknown,70,Currently powered OFF; Never powered on since tracking period
PNO-CX-W-1-0242,496f75e8-59b4-4958-9c8e-acff54ee2146,OFF,4,12.0,,,0,Never/Unknown,70,Currently powered OFF; Never powered on since tracking period
PNO-CX-2-W-0330,a6e30454-f2a9-40c8-9218-e4360bffb500,OFF,4,12.0,,,0,Never/Unknown,70,Currently powered OFF; Never powered on since tracking period
PNO-CX-2-W-0217,1a693b8a-4e30-4367-b1bc-a02066178619,OFF,4,12.0,,,0,Never/Unknown,70,Currently powered OFF; Never powered on since tracking period
PNO-CX-2-W-0236,5897bd7b-18f7-49eb-9f25-80c213dbc3fa,OFF,4,12.0,,,0,Never/Unknown,70,Currently powered OFF; Never powered on since tracking period
PNO-CX-2-W-0242,c4531bed-9814-404c-9cea-067672bb1be1,OFF,4,12.0,,,0,Never/Unknown,70,Currently powered OFF; Never powered on since tracking period
PNO-CX-2-W-0250,7f4ed917-686b-4777-9c22-d99e2ce9b025,OFF,4,12.0,,,0,Never/Unknown,70,Currently powered OFF; Never powered on since tracking period
Preparation - Win11-SnM-AHV-N-Prod-C2,5938156e-8c60-4525-aa70-bcf881036517,OFF,2,16.0,,,0,Never/Unknown,70,Currently powered OFF; Never powered on since tracking period
PNO-CX-W-1-0276,7338ba0f-fe5f-47d4-b36d-4ef89635d08e,OFF,4,12.0,,,0,Never/Unknown,70,Currently powered OFF; Never powered on since tracking period
PNO-CX-2-W-0257,b6a84346-724a-461f-b564-57c40113079f,OFF,4,12.0,,,0,Never/Unknown,70,Currently powered OFF; Never powered on since tracking period
PNO-CX-2-W-0296,a2dbcd2e-d77d-4018-8fe0-e0c40323df3c,OFF,4,12.0,,,0,Never/Unknown,70,Currently powered OFF; Never powered on since tracking period
PNO-CX-W-1-0261,4478f021-dca4-46bf-a6a5-abd30233e034,OFF,4,12.0,,,0,Never/Unknown,70,Currently powered OFF; Never powered on since tracking period
Preparation - Win11-SnM-AHV-N-Prod-C2,3e42205d-2e7a-47df-a13a-d87439559c18,OFF,2,16.0,,,0,Never/Unknown,70,Currently powered OFF; Never powered on since tracking period
PNO-CX-2-W-0309,e40d5732-e3a4-49cb-8f08-0ade60f49da2,OFF,4,24.0,,,0,Never/Unknown,70,Currently powered OFF; Never powered on since tracking period
